,Return,Len
0,-1159.171876206383,1000.0
1,-1198.218650753845,1000.0
2,-1224.0159740064587,1000.0
3,-1152.7848654612328,1000.0
4,-1148.3648229927371,1000.0
5,-1100.5990386946173,1000.0
6,-1076.042368898706,1000.0
7,-993.2915595058563,1000.0
8,-970.622418857635,1000.0
9,-900.4588891157882,1000.0
10,-904.2504659261151,1000.0
11,-836.1966184215198,1000.0
12,-837.3621784948562,1000.0
13,-803.6597520897446,1000.0
14,-868.5564777141317,1000.0
15,-715.7019069104524,1000.0
16,-691.47252670823,1000.0
17,-700.6617499707156,1000.0
18,-610.1958455986072,1000.0
19,-650.1362972905941,1000.0
20,-573.435321785558,1000.0
21,-493.5893863517205,1000.0
22,-466.8429960894712,1000.0
23,-353.1075622069684,1000.0
24,-444.9321200386768,1000.0
25,-422.47224842907343,1000.0
26,-357.52842512865715,1000.0
27,-261.6529047894107,1000.0
28,-249.87155540373737,1000.0
29,-171.21517310473783,1000.0
30,-169.11663785124503,1000.0
31,-141.50550840331445,1000.0
32,-119.03316306351091,1000.0
33,-98.33880767714122,1000.0
34,-75.94799154384572,1000.0
35,-75.57263319467408,1000.0
36,-52.481361345761776,1000.0
37,-41.609347843472804,1000.0
38,-11.047857709942667,1000.0
39,8.204942258091654,1000.0
40,46.07843588297631,1000.0
41,63.60107051822733,1000.0
42,-305.42459933101054,1000.0
43,112.4675584859439,1000.0
44,155.01428312647408,1000.0
45,199.57282699730877,1000.0
46,-79.0108353250623,1000.0
47,-39.1764148433749,1000.0
48,276.31892488892123,1000.0
49,357.2801464315827,1000.0
50,392.1517983825673,1000.0
51,402.451410822809,1000.0
52,452.5543767875388,1000.0
53,530.2593646509877,1000.0
54,-95.58523592391715,1000.0
55,540.0013274895115,1000.0
56,552.8039869176764,1000.0
57,426.2848526747113,1000.0
58,467.9576282427271,1000.0
59,41.21632878974176,1000.0
60,73.1087753528943,1000.0
61,635.5654375521304,1000.0
62,669.995896603645,1000.0
63,-582.297573264717,1000.0
64,103.12051695397652,1000.0
65,658.0434681692149,1000.0
66,145.90441992727455,1000.0
67,73.28083073229818,1000.0
68,-559.9240326274294,1000.0
69,720.0561807914715,1000.0
70,721.8291586678677,1000.0
71,786.2196593121614,1000.0
72,837.8206841784917,1000.0
73,823.1343772290381,1000.0
74,819.9588141848942,1000.0
75,818.1246758136538,1000.0
76,195.61130314832457,1000.0
77,220.30588934028555,1000.0
78,890.3268010187834,1000.0
79,914.9646526261158,1000.0
80,-285.7237684511466,1000.0
81,474.7833081052049,1000.0
82,415.94850556394704,1000.0
83,-299.5374213978427,1000.0
84,928.5556260416157,1000.0
85,-584.7971573793162,1000.0
86,387.949466106903,1000.0
87,943.8328393416681,1000.0
88,961.4603896388575,1000.0
89,60.31672176654318,1000.0
90,237.07527067884976,1000.0
91,239.91650658620028,1000.0
92,970.2408471458857,1000.0
93,1030.3857067500066,1000.0
94,-198.1407740397687,1000.0
95,1082.2674187069103,1000.0
96,529.2927130784467,1000.0
97,1090.71240497322,1000.0
98,1092.0157637652615,1000.0
99,629.428794709696,1000.0
100,619.5537434719065,1000.0
101,1072.0880856887045,1000.0
102,230.22019365114048,1000.0
103,1139.346612336918,1000.0
104,301.69189633851596,1000.0
105,688.6721309196723,1000.0
106,1183.035507898709,1000.0
107,614.8226553710028,1000.0
108,1194.0019346306437,1000.0
109,1282.9009510497265,1000.0
110,1220.796537953853,1000.0
111,1225.3899813479675,1000.0
112,1258.5885189005746,1000.0
113,1281.2193010051492,1000.0
114,438.35512951446543,1000.0
115,-530.2874722351214,1000.0
116,269.04582605744633,1000.0
117,473.5030303476009,1000.0
118,876.9029713233838,1000.0
119,994.0097320899868,1000.0
120,705.4145678577336,1000.0
121,1335.4197801347023,1000.0
122,836.6263697428616,1000.0
123,1388.6214359530436,1000.0
124,1374.2175431405526,1000.0
125,1341.3365149777305,1000.0
126,1359.5717844753106,1000.0
127,1463.9917301110459,1000.0
128,922.9101251297743,1000.0
129,1306.173268018428,1000.0
130,778.6952198360783,1000.0
131,1419.0420528782695,1000.0
132,1369.5076054494011,1000.0
133,1418.3683599659405,1000.0
134,1461.701782175363,1000.0
135,1480.44528464377,1000.0
136,1482.3299805554864,1000.0
137,355.7728372441528,1000.0
138,1513.0638454069028,1000.0
139,1521.1561416874256,1000.0
140,546.984285056284,1000.0
141,1539.8032090886463,1000.0
142,1335.2411768052873,1000.0
143,873.9666935548555,1000.0
144,1609.3750087340024,1000.0
145,-482.2372791666379,1000.0
146,1566.9327639688772,1000.0
147,1656.3290581742604,1000.0
148,268.62544431648723,1000.0
149,1260.4944482920453,1000.0
150,1635.0938223698436,1000.0
151,1154.3508233221316,1000.0
152,839.3244012938867,1000.0
153,1615.4622495904816,1000.0
154,1725.0572761785006,1000.0
155,-338.58813972175363,1000.0
156,1692.8965893794139,1000.0
157,442.8189268610363,1000.0
158,-578.9895734974574,1000.0
159,838.2153475411551,1000.0
160,1662.7153896537752,1000.0
161,266.032107152949,1000.0
162,1690.977387415593,1000.0
163,808.7349115607716,1000.0
164,1361.9038560953445,1000.0
165,371.1019180311079,1000.0
166,1731.5421310354443,1000.0
167,-28.609548778623,1000.0
168,1568.3957655558795,1000.0
169,1732.83551594103,1000.0
170,1684.9798020027993,1000.0
171,1758.0731335636715,1000.0
172,1435.2059486789155,1000.0
173,1662.7121957006589,1000.0
174,626.2978393203246,1000.0
175,1738.549869859513,1000.0
176,931.0126614342993,1000.0
177,1515.3292732371478,1000.0
178,1756.6640437995422,1000.0
179,1811.8765469972611,1000.0
180,305.77652455122575,1000.0
181,949.8407892950694,1000.0
182,1836.6220345482602,1000.0
183,1407.6403525380701,1000.0
184,1297.2750283447963,1000.0
185,1807.9682924393796,1000.0
186,912.4977085969085,1000.0
187,1767.0759284330438,1000.0
188,1739.7639417007601,1000.0
189,1272.381154802642,1000.0
190,1815.6388901152582,1000.0
191,1852.4302852954274,1000.0
192,1771.009871904979,1000.0
193,817.2360635820522,1000.0
194,1790.2225031306345,1000.0
195,1804.1653367948334,1000.0
196,1863.3013305775326,1000.0
197,1803.7385172716363,1000.0
198,1395.7188288376253,1000.0
199,1845.476919875436,1000.0
200,1213.7927972293196,1000.0
201,1860.7105932961472,1000.0
202,1321.1773341710418,1000.0
203,1633.2886054032765,1000.0
204,1792.1769714712896,1000.0
205,-46.96882062711889,1000.0
206,1883.1376669465749,1000.0
207,1680.6102299075403,1000.0
208,1763.49291221284,1000.0
209,1741.4553350955343,1000.0
210,1823.3149418988032,1000.0
211,1138.1146458969965,1000.0
212,1870.7001099494016,1000.0
213,905.7388914670639,1000.0
214,1876.0665093487837,1000.0
215,1892.6273461016704,1000.0
216,1885.656086427231,1000.0
217,1806.086985059769,1000.0
218,1818.8915009416291,1000.0
219,1896.3293088670139,1000.0
220,1981.0753712396768,1000.0
221,1395.5728378203823,1000.0
222,886.8377254631616,1000.0
223,1923.1148745511266,1000.0
224,2012.145764728903,1000.0
225,1575.6388850520166,1000.0
226,1935.514936103576,1000.0
227,856.57857628853,1000.0
228,2026.8053185203557,1000.0
229,2000.9996930823315,1000.0
230,2064.245376352741,1000.0
231,1607.6615978274967,1000.0
232,2010.568148428944,1000.0
233,2051.602679972134,1000.0
234,2005.401920546392,1000.0
235,1279.2310186778527,1000.0
236,2068.088268273223,1000.0
237,2067.0294179681655,1000.0
238,2018.2090557461015,1000.0
239,1945.032105823659,1000.0
240,2036.913974420324,1000.0
241,2043.4035577652146,1000.0
242,2105.6402490234595,1000.0
243,1727.2899848737857,1000.0
244,1982.204136614664,1000.0
245,2041.9905024903783,1000.0
246,1409.641992706694,1000.0
247,2188.781352767784,1000.0
248,2059.5156050403407,1000.0
249,1555.1898281218794,1000.0
250,469.38349984172874,1000.0
251,1410.4669045592848,1000.0
252,1010.7363537659392,1000.0
253,2137.1097347694695,1000.0
254,2120.764504566889,1000.0
255,2126.6515252707677,1000.0
256,2144.034515321059,1000.0
257,2211.2328324035925,1000.0
258,1727.535501002752,1000.0
259,2163.1106941791854,1000.0
260,1080.8270924215271,1000.0
261,2251.3552731981254,1000.0
262,2115.7746612448864,1000.0
263,2160.819534559671,1000.0
264,1596.974703500689,1000.0
265,1042.1570839952415,1000.0
266,2159.872664880585,1000.0
267,2215.1946787558095,1000.0
268,1273.8117591730902,1000.0
269,2229.225725786472,1000.0
270,1381.0319161388006,1000.0
271,1251.955528101035,1000.0
272,2241.481559711707,1000.0
273,1440.3063358664779,1000.0
274,2225.9192376909064,1000.0
275,2200.9272454209936,1000.0
276,1137.4853178768542,1000.0
277,2138.9588856792275,1000.0
278,1115.342522211114,1000.0
279,2293.8841979250365,1000.0
280,1598.4985928061367,1000.0
281,2217.712648307461,1000.0
282,1246.20137236299,1000.0
283,1507.9159220858978,1000.0
284,2172.8183989460995,1000.0
285,1494.2099525228593,1000.0
286,2283.1799258975443,1000.0
287,2334.8799448319173,1000.0
288,2252.7502313380787,1000.0
289,2299.42800081075,1000.0
290,2341.888359358597,1000.0
291,2243.1347429373272,1000.0
292,2226.027918658513,1000.0
293,1757.296164069805,1000.0
294,2274.3935280142423,1000.0
295,1408.077537914221,1000.0
296,2332.082488342256,1000.0
297,2243.504994147252,1000.0
298,2290.6626864785035,1000.0
299,2292.4699175974793,1000.0
300,2332.9863844949195,1000.0
301,2279.2258246134234,1000.0
302,2237.079429190448,1000.0
303,2267.539173027527,1000.0
304,2002.0267575091464,1000.0
305,2203.6556897837945,1000.0
306,2278.2857301085314,1000.0
307,2299.2067449695246,1000.0
308,2274.1787025448566,1000.0
309,2326.696659512166,1000.0
310,2226.6536390852034,1000.0
311,550.5678685666676,1000.0
312,2226.8507550321874,1000.0
313,2248.228015906386,1000.0
314,2258.601848196655,1000.0
315,2130.7921852764425,1000.0
316,1774.8681739199928,1000.0
317,1522.2934388286426,1000.0
318,2205.2862158194575,1000.0
319,1390.7125682064095,1000.0
320,2095.7995910733725,1000.0
321,2317.625970680269,1000.0
322,2285.464254504037,1000.0
323,2358.2763331823066,1000.0
324,2245.761736599722,1000.0
325,2311.861123090456,1000.0
326,2259.7601692660855,1000.0
327,2198.9654271371446,1000.0
328,2325.4410419059022,1000.0
329,2250.7988331862193,1000.0
330,2297.61059271473,1000.0
331,2225.8881633428864,1000.0
332,2192.084533501721,1000.0
333,1413.3153399367336,1000.0
334,2307.7588447913286,1000.0
335,2337.7928955795605,1000.0
336,1584.9652482716467,1000.0
337,2265.992687481975,1000.0
338,2284.938167825897,1000.0
339,2393.7047750659763,1000.0
340,2359.1621927432757,1000.0
341,1986.5150434371922,1000.0
342,2317.1822476320267,1000.0
343,2414.422284143785,1000.0
344,2410.436851611036,1000.0
345,2387.8253482964856,1000.0
346,1889.3649621343698,1000.0
347,2426.9754261463318,1000.0
348,2342.0958580494384,1000.0
349,2259.9882232079726,1000.0
350,2358.3407284477908,1000.0
351,2519.5856360672537,1000.0
352,2364.890798166318,1000.0
353,2315.149639349632,1000.0
354,1707.377072956309,1000.0
355,2382.0975237689463,1000.0
356,1855.4297575501125,1000.0
357,2360.0542855423646,1000.0
358,2387.8391059172563,1000.0
359,1730.529639630597,1000.0
360,2333.4180429389635,1000.0
361,1551.3863350585239,1000.0
362,2409.6877694443874,1000.0
363,1063.371798299323,1000.0
364,2275.4497609169102,1000.0
365,2489.1742649585276,1000.0
366,2410.3755214550088,1000.0
367,1723.6306390191808,1000.0
368,2448.2007148628295,1000.0
369,2387.6550053479273,1000.0
370,1933.5494792885015,1000.0
371,2418.1452672939477,1000.0
372,2387.9488427055685,1000.0
373,2396.7577688576303,1000.0
374,2320.7289719209034,1000.0
375,2178.3516639358554,1000.0
376,2296.1282367446515,1000.0
377,1697.6176561654697,1000.0
378,2015.011808510021,1000.0
379,2464.52853620361,1000.0
380,2293.3559837968996,1000.0
381,2466.962663551608,1000.0
382,2278.5836615944427,1000.0
383,2316.3999692399116,1000.0
384,2402.7213126388147,1000.0
385,2406.3079205449794,1000.0
386,2364.4764057600187,1000.0
387,2384.160346516703,1000.0
388,2452.722398697263,1000.0
389,2361.9024386649207,1000.0
390,2431.442467233238,1000.0
391,2364.1094248240943,1000.0
392,2426.3412977026396,1000.0
393,2414.0458699731057,1000.0
394,2419.667882818057,1000.0
395,2307.358519037106,1000.0
396,2328.9579056821603,1000.0
397,2459.7743784932136,1000.0
398,2382.1582032834003,1000.0
399,2449.116537064444,1000.0
400,508.31948393303776,1000.0
401,2346.7606926354315,1000.0
402,2348.204851451931,1000.0
403,2439.5202200230456,1000.0
404,2427.620921842852,1000.0
405,2437.4935427691735,1000.0
406,2441.728526778986,1000.0
407,2397.281581040631,1000.0
408,2318.3077299495717,1000.0
409,1479.8010743408875,1000.0
410,2446.2350771373985,1000.0
411,2322.8906428982214,1000.0
412,2427.289807783327,1000.0
413,2352.2866895225307,1000.0
414,2342.6799314933974,1000.0
415,2321.553535858142,1000.0
416,2479.417562621598,1000.0
417,2354.886447873815,1000.0
418,2483.959496553178,1000.0
419,2477.372004128714,1000.0
420,1648.2330005149474,1000.0
421,1846.0709734453314,1000.0
422,2360.0937802881704,1000.0
423,2392.093265931881,1000.0
424,2417.498775900611,1000.0
425,2379.029041868225,1000.0
426,2377.970745701079,1000.0
427,2247.4328534414094,1000.0
428,2421.8530875129177,1000.0
429,2486.2710639707134,1000.0
430,2419.411873827496,1000.0
431,2370.79308311855,1000.0
432,2560.445281402019,1000.0
433,2427.715145861567,1000.0
434,2452.1549144994797,1000.0
435,2486.409173262619,1000.0
436,2486.8251032088847,1000.0
437,2422.7661984646047,1000.0
438,2426.3341035355597,1000.0
439,2489.6292335602357,1000.0
440,2535.9008244016054,1000.0
441,2379.7490363496627,1000.0
442,2528.170805188327,1000.0
443,2509.2748793241417,1000.0
444,2582.4716639270546,1000.0
445,2506.120923821359,1000.0
446,2504.456856714056,1000.0
447,2452.9369030425573,1000.0
448,2499.7955384413167,1000.0
449,2567.294573856103,1000.0
450,2587.2647667036676,1000.0
451,2510.966747864202,1000.0
452,2521.2092770426216,1000.0
453,2619.354205684049,1000.0
454,2489.385752873723,1000.0
455,2497.054665562175,1000.0
456,2585.056976999634,1000.0
457,2519.4281573429444,1000.0
458,2544.986011532647,1000.0
459,1888.7427654184903,1000.0
460,2547.5131561237686,1000.0
461,2521.76566906378,1000.0
462,2445.428090905601,1000.0
463,2498.588251312165,1000.0
464,2446.1173009766567,1000.0
465,2483.2612890250384,1000.0
466,2527.948838469689,1000.0
467,2509.5912397352968,1000.0
468,2541.6774784054433,1000.0
469,2462.615147868703,1000.0
470,2484.9987528691026,1000.0
471,2493.3013757771064,1000.0
472,2582.616270588577,1000.0
473,1839.721836422626,1000.0
474,2654.693470296561,1000.0
475,2503.177372781937,1000.0
476,2477.015535755459,1000.0
477,2561.7650989478475,1000.0
478,2420.4949781998703,1000.0
479,2479.2543400200616,1000.0
480,2503.6437668376125,1000.0
481,2479.074925545525,1000.0
482,2484.3159164570147,1000.0
483,1650.6305834197149,1000.0
484,2556.1805492509206,1000.0
485,2604.874713234586,1000.0
486,2513.8545404127403,1000.0
487,2601.4901413817693,1000.0
488,2314.763196562606,1000.0
489,2584.863617397688,1000.0
490,2468.3197509440006,1000.0
491,1793.8662457555117,1000.0
492,2503.52348426716,1000.0
493,2519.7979904551257,1000.0
494,2545.5729385790883,1000.0
495,2467.182850646592,1000.0
496,2564.1000470273666,1000.0
497,2330.0181132408047,1000.0
498,2511.434050715142,1000.0
499,2569.6160295107675,1000.0
500,2581.7490558590152,1000.0
501,2494.3209376158097,1000.0
502,2505.1572504612013,1000.0
503,2612.776863473159,1000.0
504,2558.6299286883577,1000.0
505,2128.0248447553327,1000.0
506,2643.659691721109,1000.0
507,2484.626747442605,1000.0
508,2545.610953212596,1000.0
509,2562.5922689388567,1000.0
510,2581.912565718284,1000.0
511,1703.8878244521559,1000.0
512,2567.592059371192,1000.0
513,2505.0226843539067,1000.0
514,2519.4426438873115,1000.0
515,2508.135634455756,1000.0
516,2612.4052483863948,1000.0
517,2630.449676257799,1000.0
518,2615.563051653421,1000.0
519,2543.711975897799,1000.0
520,2531.903518757398,1000.0
521,2573.5073887953886,1000.0
522,2572.601451208027,1000.0
523,2584.1959602424895,1000.0
524,2600.7286334413257,1000.0
525,2590.9095159597327,1000.0
526,2540.759679215881,1000.0
527,2610.3955269813887,1000.0
528,2614.9664963339337,1000.0
529,2660.7923015928104,1000.0
530,2576.1766563580727,1000.0
531,2624.4401242599006,1000.0
532,2615.9423912314696,1000.0
533,2559.8693858200913,1000.0
534,2601.0300254468384,1000.0
535,2469.4233123021572,1000.0
536,2638.2962796288098,1000.0
537,2118.987624619812,1000.0
538,2587.8763511446023,1000.0
539,2585.4520846540627,1000.0
540,2620.173477513574,1000.0
541,2684.3570943706573,1000.0
542,2635.100146907179,1000.0
543,2585.4894008098317,1000.0
544,2551.1910184655767,1000.0
545,2650.0704294284355,1000.0
546,1918.87747661037,1000.0
547,2619.700884242925,1000.0
548,2543.2633398827393,1000.0
549,2626.7094673792453,1000.0
550,2665.368706229522,1000.0
551,2609.5388785860487,1000.0
552,2742.8888582402756,1000.0
553,2703.1244766648088,1000.0
554,2044.0944241166478,1000.0
555,2736.7450442692448,1000.0
556,2669.912060503747,1000.0
557,2676.676543395156,1000.0
558,2553.919447712159,1000.0
559,2692.4173648738642,1000.0
560,1729.3811322906622,1000.0
561,1831.1956287767032,1000.0
562,2678.9163312451187,1000.0
563,2655.255525176189,1000.0
564,2604.6703158239397,1000.0
565,2664.116428101815,1000.0
566,2658.665292591131,1000.0
567,2403.9838472695437,1000.0
568,2607.0950887620793,1000.0
569,1981.2034949448,1000.0
570,2713.249009846788,1000.0
571,2648.612695326404,1000.0
572,2786.311125237621,1000.0
573,2719.5174634772443,1000.0
574,2707.332073043545,1000.0
575,2682.4836151235295,1000.0
576,2775.620323594596,1000.0
577,1941.4376624880529,1000.0
578,2708.09494366783,1000.0
579,2626.6716687680573,1000.0
580,2653.7947065675407,1000.0
581,2733.573727437711,1000.0
582,2603.407872910835,1000.0
583,2574.7195790385053,1000.0
584,2641.140593222949,1000.0
585,2759.1786994710683,1000.0
586,2684.1034045654515,1000.0
587,2749.2890851515663,1000.0
588,2134.3458909671012,1000.0
589,2754.131334248142,1000.0
590,2703.723132079663,1000.0
591,2156.534171883868,1000.0
592,2705.8682526311095,1000.0
593,2791.6593483188653,1000.0
594,2748.4211012394044,1000.0
595,2828.6213414304807,1000.0
596,2704.974466103562,1000.0
597,2726.3064817374975,1000.0
598,2739.64156505347,1000.0
599,2712.952259776486,1000.0
600,2681.4052138745847,1000.0
601,2731.092117939153,1000.0
602,2613.5442460783474,1000.0
603,2726.542865323216,1000.0
604,2657.968782360588,1000.0
605,2817.119319074485,1000.0
606,2744.317739282972,1000.0
607,2752.6050081919884,1000.0
608,2721.507650867461,1000.0
609,2754.909534977733,1000.0
610,2783.442996508848,1000.0
611,2688.296948907229,1000.0
612,2640.522969947035,1000.0
613,2718.813335552901,1000.0
614,1986.2397222833692,1000.0
615,2735.028138470518,1000.0
616,2748.661189581352,1000.0
617,2762.5588026781948,1000.0
618,2760.987606666801,1000.0
619,2677.167055499842,1000.0
620,2694.2415718406737,1000.0
621,2723.6338714227973,1000.0
622,2775.8993351202203,1000.0
623,2724.2802978038912,1000.0
624,2745.5800724770756,1000.0
625,2678.0983596819988,1000.0
626,2727.5305926925857,1000.0
627,2785.941845798505,1000.0
628,2779.934527062046,1000.0
629,2479.258554222986,1000.0
630,1942.2235614976598,1000.0
631,2776.6317885820454,1000.0
632,2803.089279870793,1000.0
633,2720.5030460871903,1000.0
634,2746.630337023239,1000.0
635,2678.384904311411,1000.0
636,2256.375004878992,1000.0
637,2693.212822686275,1000.0
638,2774.303574800143,1000.0
639,2257.45227613967,1000.0
640,2408.950338631551,1000.0
641,2725.465271275527,1000.0
642,2737.549150297067,1000.0
643,2689.4610792523013,1000.0
644,2735.5198630009795,1000.0
645,2776.44983894281,1000.0
646,2875.1495753710537,1000.0
647,2089.1736760501635,1000.0
648,2708.409263180452,1000.0
649,2474.5583591765535,1000.0
650,2788.624879385684,1000.0
651,2069.350522048762,1000.0
652,2684.558180069395,1000.0
653,2788.6545030634616,1000.0
654,2610.5590868390773,1000.0
655,2723.8641219501797,1000.0
656,2708.176639587693,1000.0
657,2619.22530233718,1000.0
658,2776.2431832795764,1000.0
659,2631.100255174264,1000.0
660,2686.629734166905,1000.0
661,2285.294212268481,1000.0
662,2839.7849315924773,1000.0
663,2735.6000343368787,1000.0
664,2721.009722818138,1000.0
665,2744.0765209269666,1000.0
666,2408.308666157074,1000.0
667,2344.015314768222,1000.0
668,2257.1093118245794,1000.0
669,2758.463417509817,1000.0
670,2658.5152231447364,1000.0
671,2385.250921571349,1000.0
672,2422.261214260475,1000.0
673,2352.3393628148224,1000.0
674,2869.6138474808795,1000.0
675,2766.6034609255016,1000.0
676,2821.8769004506094,1000.0
677,2725.961716032526,1000.0
678,2724.058850396424,1000.0
679,2836.3749210717315,1000.0
680,2685.8981667796775,1000.0
681,2624.7153575428742,1000.0
682,2827.5644513954094,1000.0
683,2895.4287119545643,1000.0
684,2400.8931579200566,1000.0
685,2794.093904878785,1000.0
686,2870.1519209018034,1000.0
687,2922.1113512881648,1000.0
688,2837.193065935504,1000.0
689,2782.986506947537,1000.0
690,2766.742121599308,1000.0
691,2124.4764471391927,1000.0
692,2772.5163936899553,1000.0
693,2849.6701834836617,1000.0
694,2690.24867418134,1000.0
695,2792.917448329894,1000.0
696,2308.3567133009556,1000.0
697,1895.5129077705776,1000.0
698,2798.3501698676096,1000.0
699,2221.557918353765,1000.0
700,2811.3801139032066,1000.0
701,2812.780154171948,1000.0
702,2856.1595941617925,1000.0
703,2829.292723476184,1000.0
704,2846.0115139348777,1000.0
705,2874.221930245435,1000.0
706,2779.970474090652,1000.0
707,2691.832838502455,1000.0
708,2286.2465278108216,1000.0
709,2852.8760121910723,1000.0
710,2944.13132124363,1000.0
711,2792.0936940517686,1000.0
712,2730.574469942262,1000.0
713,2826.398933203326,1000.0
714,2681.147971427281,1000.0
715,2881.850388916325,1000.0
716,2815.9063603421105,1000.0
717,2300.342830510734,1000.0
718,2827.363993333303,1000.0
719,2872.549398141465,1000.0
720,2855.995342295045,1000.0
721,2812.283344261027,1000.0
722,2829.3983287693827,1000.0
723,2828.8927228605125,1000.0
724,2774.6413272436344,1000.0
725,2756.833407732459,1000.0
726,2722.373177381524,1000.0
727,2768.6710361114474,1000.0
728,2370.7127634903327,1000.0
729,2762.0058307000713,1000.0
730,2793.843904209457,1000.0
731,2824.6757309349714,1000.0
732,2767.7941497469446,1000.0
733,2795.067343800528,1000.0
734,2806.0887376224223,1000.0
735,2802.5668128865696,1000.0
736,2780.681554211581,1000.0
737,2794.3338213941,1000.0
738,2802.117448161944,1000.0
739,2858.868688175643,1000.0
740,2939.0799636354795,1000.0
741,2495.240156982387,1000.0
742,2741.064675360575,1000.0
743,2887.967045898239,1000.0
744,2862.839175086066,1000.0
745,2841.918622408172,1000.0
746,2880.7988472411857,1000.0
747,2818.6116612968494,1000.0
748,2854.407650854399,1000.0
749,2892.033073467933,1000.0
750,2840.7085653365366,1000.0
751,2823.753226908066,1000.0
752,2300.904843814587,1000.0
753,2869.8617454111536,1000.0
754,2817.2815067550914,1000.0
755,2827.7005924144223,1000.0
756,2849.7449996208184,1000.0
757,2811.2553448036006,1000.0
758,2796.842296559059,1000.0
759,2853.6864196129723,1000.0
760,2794.995409588171,1000.0
761,2928.3320578588737,1000.0
762,2775.3009357952283,1000.0
763,2803.8662411982964,1000.0
764,2884.2346888860898,1000.0
765,2607.5035794452174,1000.0
766,2370.585246469201,1000.0
767,2860.3229040816805,1000.0
768,2808.42987333545,1000.0
769,2835.718401034126,1000.0
770,2878.094578344918,1000.0
771,2825.9466017424556,1000.0
772,2885.9201260817836,1000.0
773,2807.1923917042195,1000.0
774,2827.8499958196685,1000.0
775,1854.130659977372,1000.0
776,2861.0958347531096,1000.0
777,2906.91731401324,1000.0
778,2809.3239554555453,1000.0
779,2601.8545432608553,1000.0
780,2787.0478686422484,1000.0
781,2854.027988010735,1000.0
782,2920.5892010703146,1000.0
783,2843.68195196808,1000.0
784,2816.595287527351,1000.0
785,2884.1397726745026,1000.0
786,2878.2558352688175,1000.0
787,2836.158540233422,1000.0
788,2850.8219712523073,1000.0
789,2870.994642393077,1000.0
790,2863.6572682901233,1000.0
791,2812.7825384432354,1000.0
792,2842.69166480887,1000.0
793,2828.3463262373016,1000.0
794,2864.672048001809,1000.0
795,2495.038191381043,1000.0
796,2952.04542975881,1000.0
797,2827.108668102183,1000.0
798,2313.682408118294,1000.0
799,2760.339197062418,1000.0
800,2800.5241152611197,1000.0
801,2874.364333625407,1000.0
802,2912.7813665457825,1000.0
803,2865.859017861545,1000.0
804,2866.900461067934,1000.0
805,2890.8131734481203,1000.0
806,2903.5865636168505,1000.0
807,2854.545179447576,1000.0
808,2840.315654578039,1000.0
809,2811.2080615788477,1000.0
810,2811.5381690795703,1000.0
811,2882.497891769624,1000.0
812,2838.101280290825,1000.0
813,2879.397263682499,1000.0
814,2872.5843439236505,1000.0
815,2329.1501891795824,1000.0
816,2838.3693342120323,1000.0
817,2875.660583141057,1000.0
818,2937.6992050089243,1000.0
819,2821.16853854728,1000.0
820,2837.7515811572503,1000.0
821,2879.7307495239957,1000.0
822,2818.576159044297,1000.0
823,2905.0211564446026,1000.0
824,2811.4479593866204,1000.0
825,2892.9250789925864,1000.0
826,2940.408403092844,1000.0
827,2900.7013871058384,1000.0
828,2853.300319910355,1000.0
829,2912.0352296372375,1000.0
830,2951.7284590316735,1000.0
831,2841.865119399469,1000.0
832,2881.761634132164,1000.0
833,2927.2898314590466,1000.0
834,2890.629284465734,1000.0
835,2904.0826910813685,1000.0
836,2842.095397546789,1000.0
837,2843.822087804073,1000.0
838,2301.0560600010795,1000.0
839,2856.441700729749,1000.0
840,2893.4175427161495,1000.0
841,2900.2652869100493,1000.0
842,2898.2196660897635,1000.0
843,2911.7476646570613,1000.0
844,2757.1881939399464,1000.0
845,2362.1163432762237,1000.0
846,2877.453870930531,1000.0
847,2863.433187571969,1000.0
848,2899.894020529916,1000.0
849,2904.7796118145584,1000.0
850,2498.0887002998907,1000.0
851,2918.4582312131975,1000.0
852,2896.3388951914326,1000.0
853,2448.120361228367,1000.0
854,2735.585387487848,1000.0
855,2908.485073579943,1000.0
856,2917.5212284362647,1000.0
857,2901.199606417321,1000.0
858,2543.5014046127503,1000.0
859,2863.357397140784,1000.0
860,2871.2072800478627,1000.0
861,2843.7310021140693,1000.0
862,2778.4261998481347,1000.0
863,2854.8799109757215,1000.0
864,2842.962577767311,1000.0
865,2912.598088982109,1000.0
866,2902.2330236749476,1000.0
867,2873.010213060149,1000.0
868,2957.730030427884,1000.0
869,2740.8572567638203,1000.0
870,2853.3939457343668,1000.0
871,2798.5389851656155,1000.0
872,2853.312753905945,1000.0
873,2935.705014496243,1000.0
874,2926.299613170827,1000.0
875,2891.4892643593007,1000.0
876,2857.825450518508,1000.0
877,2933.683005562168,1000.0
878,2397.22507916915,1000.0
879,2922.7225176377515,1000.0
880,2468.211160202935,1000.0
881,2888.1743720736226,1000.0
882,2988.674201161615,1000.0
883,3010.8089920189473,1000.0
884,2923.436739665299,1000.0
885,2913.5288891676682,1000.0
886,3031.034945185221,1000.0
887,2406.3326520852293,1000.0
888,2982.6953191215043,1000.0
889,2873.7379858269696,1000.0
890,2925.4541716482845,1000.0
891,2872.354595503971,1000.0
892,2919.403121175171,1000.0
893,2851.168359058866,1000.0
894,2757.432420046289,1000.0
895,2976.214325466863,1000.0
896,2852.885158806379,1000.0
897,2889.0389678243982,1000.0
898,2969.4360110955863,1000.0
899,2808.2589674079204,1000.0
900,2993.303512012263,1000.0
901,2818.666632264403,1000.0
902,2992.8588978830594,1000.0
903,2929.768217250328,1000.0
904,2955.9971100932826,1000.0
905,3020.0614884660613,1000.0
906,3016.956678331118,1000.0
907,2924.422481040046,1000.0
908,2943.893598228717,1000.0
909,3010.9405471874115,1000.0
910,2919.0391466781584,1000.0
911,2960.091494478579,1000.0
912,2968.664875570513,1000.0
913,2914.3285675341103,1000.0
914,2993.09736974414,1000.0
915,3088.0123769926477,1000.0
916,3064.256656515143,1000.0
917,2961.158078010334,1000.0
918,2397.7549221942745,1000.0
919,2930.959901795098,1000.0
920,2965.283539140478,1000.0
921,2945.38724029333,1000.0
922,2973.60988865291,1000.0
923,2874.9227292815403,1000.0
924,2935.3630145107322,1000.0
925,2990.197116451493,1000.0
926,2287.475897718343,1000.0
927,2965.1680117138876,1000.0
928,2879.6730876825523,1000.0
929,2961.751950618387,1000.0
930,2964.160038400866,1000.0
931,2924.9360592083895,1000.0
932,3006.679834374466,1000.0
933,2945.209459521561,1000.0
934,2920.7355353897665,1000.0
935,2906.9629463745036,1000.0
936,2996.072330244683,1000.0
937,3073.3143100861066,1000.0
938,3002.595763991501,1000.0
939,2970.9411302492385,1000.0
940,2678.741011451021,1000.0
941,2973.065869456189,1000.0
942,2966.8165168368555,1000.0
943,3028.330023029113,1000.0
944,2999.1835279722145,1000.0
945,3008.316154687553,1000.0
946,3003.8647779925914,1000.0
947,3015.5399338283355,1000.0
948,3017.9388243509993,1000.0
949,2886.9299907917316,1000.0
950,3034.5761198994583,1000.0
951,3047.7138382407147,1000.0
952,2463.6818357933707,1000.0
953,3011.013028365566,1000.0
954,3077.3652518281538,1000.0
955,2943.9575430688046,1000.0
956,2951.183928377027,1000.0
957,2966.864094718449,1000.0
958,2941.2258115029917,1000.0
959,2555.3908053467685,1000.0
960,2969.504688227126,1000.0
961,3008.686412162209,1000.0
962,2982.9464638121317,1000.0
963,2740.953381601599,1000.0
964,3008.131024955357,1000.0
965,2947.2810646976386,1000.0
966,2932.12002427239,1000.0
967,2985.766983609296,1000.0
968,2977.4827473491214,1000.0
969,2989.8929618959596,1000.0
970,3072.1599970377783,1000.0
971,3049.987203617281,1000.0
972,2966.991819717427,1000.0
973,2903.4572589972413,1000.0
974,2935.18269404908,1000.0
975,2894.9533159705943,1000.0
976,3061.965759309901,1000.0
977,2981.555214650897,1000.0
978,2967.2210706779224,1000.0
979,2952.3352486546587,1000.0
980,2938.0532684348236,1000.0
981,2899.9979568006884,1000.0
982,2994.9923867223724,1000.0
983,3011.321518448919,1000.0
984,3006.9410885912416,1000.0
985,2996.144472981472,1000.0
986,2961.596705651025,1000.0
987,2987.1073961162265,1000.0
988,3042.951797208772,1000.0
989,3037.7228369578215,1000.0
990,3030.8789088648296,1000.0
991,3044.679358453622,1000.0
992,3006.6884194880336,1000.0
993,2998.1592931956025,1000.0
994,3092.546754296712,1000.0
995,2930.0011012428977,1000.0
996,3003.5315425193285,1000.0
997,3047.902004428308,1000.0
998,2949.9830738118117,1000.0
999,3027.6218232161673,1000.0
1000,2992.4383857027974,1000.0
1001,3124.467952910139,1000.0
1002,3043.033408084945,1000.0
1003,2415.770071956155,1000.0
1004,2965.201573467257,1000.0
1005,3132.1769756526214,1000.0
1006,3048.334906287526,1000.0
1007,3027.174464646044,1000.0
1008,3081.1478288884923,1000.0
1009,3059.3994782608756,1000.0
1010,3048.2869379121835,1000.0
1011,2984.3081683616347,1000.0
1012,3036.7051037862584,1000.0
1013,3020.651574864173,1000.0
1014,3018.4742223065923,1000.0
1015,3037.1851807053554,1000.0
1016,3067.151295019173,1000.0
1017,2975.108148962808,1000.0
1018,3022.527619804877,1000.0
1019,2771.7376420640767,1000.0
1020,3010.712210084145,1000.0
1021,3065.1044309012677,1000.0
1022,3017.28343100603,1000.0
1023,3043.6427540287054,1000.0
1024,2996.881002461908,1000.0
1025,3040.5143255871544,1000.0
1026,2928.802680270386,1000.0
1027,2919.0425594378657,1000.0
1028,3038.4053100562314,1000.0
1029,2956.6990638913603,1000.0
1030,2987.7254678271916,1000.0
1031,3067.1075179947256,1000.0
1032,3002.3997760673387,1000.0
1033,2994.534572557886,1000.0
1034,2992.7012761935266,1000.0
1035,2984.9862047848223,1000.0
1036,2989.208718861534,1000.0
1037,3063.443598922078,1000.0
1038,2987.811806428377,1000.0
1039,3033.400491442645,1000.0
1040,3022.3239724017812,1000.0
1041,3051.9150780171585,1000.0
1042,2989.650504873857,1000.0
1043,2922.5856336724537,1000.0
1044,3167.1886243126346,1000.0
1045,3056.4331303920035,1000.0
1046,3036.8863353760426,1000.0
1047,3029.7104793361223,1000.0
1048,3144.859095508941,1000.0
1049,3087.1957078484375,1000.0
1050,3013.343477933254,1000.0
1051,3088.6457519492137,1000.0
1052,3094.8145333610896,1000.0
1053,3043.8759990232948,1000.0
1054,3067.5383756649435,1000.0
1055,3019.1539850404233,1000.0
1056,2997.8829960805815,1000.0
1057,3124.8444300331457,1000.0
1058,2993.002790643951,1000.0
1059,2655.0715586670203,1000.0
1060,3165.3924506197604,1000.0
1061,3057.2389112614737,1000.0
1062,3104.0232909193555,1000.0
1063,3015.0584987706065,1000.0
1064,3011.1611702187242,1000.0
1065,3054.8290159794497,1000.0
1066,3063.744783839074,1000.0
1067,3053.2330671152804,1000.0
1068,3120.754804558505,1000.0
1069,3014.4712941168023,1000.0
1070,2969.381460950788,1000.0
1071,3119.1411387690987,1000.0
1072,3113.044973273731,1000.0
1073,2979.0750047144866,1000.0
1074,3107.985729586479,1000.0
1075,2994.797120681343,1000.0
1076,3084.4441574881835,1000.0
1077,3017.0596496355756,1000.0
1078,3038.1924508968577,1000.0
1079,3065.0909411648727,1000.0
1080,3107.0142637426225,1000.0
1081,3147.9786177654473,1000.0
1082,3027.7961129899295,1000.0
1083,3107.5491645248358,1000.0
1084,2906.9612789025914,1000.0
1085,3096.496181804628,1000.0
1086,3126.968714373074,1000.0
1087,3021.7004403772717,1000.0
1088,2934.5423011142016,1000.0
1089,3111.4917960777775,1000.0
1090,3102.563361644969,1000.0
1091,3126.2880915815886,1000.0
1092,3007.4585204284326,1000.0
1093,3125.7040015717334,1000.0
1094,2579.824312903277,1000.0
1095,3138.0121498568033,1000.0
1096,3041.7505430901124,1000.0
1097,3067.2625966115293,1000.0
1098,3039.6912384512243,1000.0
1099,3009.8501918216457,1000.0
1100,3101.660168772888,1000.0
1101,3059.7596877745677,1000.0
1102,2539.6208962493592,1000.0
1103,3014.708210363418,1000.0
1104,3071.106600195814,1000.0
1105,3080.612876282339,1000.0
1106,3003.273397547997,1000.0
1107,3041.3288123752077,1000.0
1108,3030.7583764436868,1000.0
1109,3071.3309643136463,1000.0
1110,3036.8689798322457,1000.0
1111,3051.296855498788,1000.0
1112,3100.734068866849,1000.0
1113,3059.65743478855,1000.0
1114,3082.26527311075,1000.0
1115,3033.674083678348,1000.0
1116,3006.147380678013,1000.0
1117,3113.469625494653,1000.0
1118,3071.98888677337,1000.0
1119,3087.599913450961,1000.0
1120,3122.5715680175445,1000.0
1121,3037.063038280575,1000.0
1122,3015.201553933288,1000.0
1123,3105.3168939217194,1000.0
1124,3162.8786037749596,1000.0
1125,3035.812234305871,1000.0
1126,3137.268873431497,1000.0
1127,3144.197686274736,1000.0
1128,3022.4289670294193,1000.0
1129,3083.7266370663156,1000.0
1130,3043.292553907976,1000.0
1131,3073.8636059380597,1000.0
1132,3107.2239816948068,1000.0
1133,3151.491405581586,1000.0
1134,3040.444536209492,1000.0
1135,3050.2222861697423,1000.0
1136,3150.7809950551127,1000.0
1137,3050.0244560368974,1000.0
1138,3081.2298238946532,1000.0
1139,3098.5066708317645,1000.0
1140,3055.473149664556,1000.0
1141,3152.262576318254,1000.0
1142,3160.4374841016593,1000.0
1143,2984.085833599625,1000.0
1144,3046.523420308089,1000.0
1145,2953.1308358502097,1000.0
1146,3024.310395266738,1000.0
1147,3149.2880683642156,1000.0
1148,3140.687266528579,1000.0
1149,3051.5877654015685,1000.0
1150,3021.2448947716352,1000.0
1151,3141.7943614537185,1000.0
1152,3118.0505336747206,1000.0
1153,2388.8325621514514,1000.0
1154,3065.1866425831477,1000.0
1155,3044.8580230160005,1000.0
1156,3026.25464509432,1000.0
1157,3087.595115951851,1000.0
1158,3102.5495022356895,1000.0
1159,3042.527502630078,1000.0
1160,3055.622871560584,1000.0
1161,3058.1222608791895,1000.0
1162,3094.8377174127404,1000.0
1163,3063.1203939664947,1000.0
1164,3123.4090422320487,1000.0
1165,3141.4229450301073,1000.0
1166,3060.680119481708,1000.0
1167,3164.45486534172,1000.0
1168,3101.3585822486248,1000.0
1169,3137.411370600764,1000.0
1170,3057.666861880815,1000.0
1171,3082.7215941287295,1000.0
1172,2934.8877634129854,1000.0
1173,2844.690378014144,1000.0
1174,3097.7958367929864,1000.0
1175,3060.1266915665487,1000.0
1176,3142.5062865140803,1000.0
1177,3135.1654181830454,1000.0
1178,3098.631217123629,1000.0
1179,3119.616707034864,1000.0
1180,3202.3345304940694,1000.0
1181,3011.3901522922597,1000.0
1182,3068.039315555052,1000.0
1183,3121.5897791112575,1000.0
1184,3090.5471815576248,1000.0
1185,3060.9866325490425,1000.0
1186,3050.6257898981266,1000.0
1187,3129.5168352646087,1000.0
1188,3041.3331433175263,1000.0
1189,3117.2307716669757,1000.0
1190,2985.765005249267,1000.0
1191,3081.1385860756914,1000.0
1192,3048.2794132593526,1000.0
1193,3041.26433387056,1000.0
1194,3088.5170188212674,1000.0
1195,3172.2271022851783,1000.0
1196,3115.6152087711916,1000.0
1197,3192.9230715912167,1000.0
1198,3070.3363731392938,1000.0
1199,3162.454693904153,1000.0
1200,3127.926077104032,1000.0
1201,3220.731150472756,1000.0
1202,3123.952844723357,1000.0
1203,3041.0213054442675,1000.0
1204,3045.0084132101715,1000.0
1205,3181.450755021628,1000.0
1206,3081.6727604574417,1000.0
1207,3021.3007288175672,1000.0
1208,3087.2573909613384,1000.0
1209,3101.6278764109366,1000.0
1210,3140.1881084681986,1000.0
1211,3193.6330437563247,1000.0
1212,3104.624547994905,1000.0
1213,3163.049260518622,1000.0
1214,3190.9478666010973,1000.0
1215,3102.9772070800645,1000.0
1216,3159.325873814705,1000.0
1217,3215.7256193639405,1000.0
1218,3121.5008010869665,1000.0
1219,3126.677320938521,1000.0
1220,2479.8878984569346,1000.0
1221,3063.3230990803686,1000.0
1222,3142.954240134646,1000.0
1223,3091.413617412167,1000.0
1224,2496.059292768715,1000.0
1225,3175.74852562076,1000.0
1226,3022.012181218176,1000.0
1227,3216.737127919864,1000.0
1228,2973.470791558668,1000.0
1229,3077.5363317077977,1000.0
1230,2953.2871322469327,1000.0
1231,3179.079007079152,1000.0
1232,3169.284554535222,1000.0
1233,3062.8355105973715,1000.0
1234,3052.7073754855583,1000.0
1235,3114.5899557787343,1000.0
1236,3138.671567180041,1000.0
1237,3283.6510077226458,1000.0
1238,3171.988516889904,1000.0
1239,3139.7119022530983,1000.0
1240,3148.162902561722,1000.0
1241,3154.1043364704274,1000.0
1242,3056.838197818197,1000.0
1243,3068.6607380549226,1000.0
1244,3069.923947857492,1000.0
1245,3119.466030675815,1000.0
1246,2993.884558349252,1000.0
1247,3133.1129820569518,1000.0
1248,3092.829547433359,1000.0
1249,3151.4919612651624,1000.0
1250,3051.291054800232,1000.0
1251,3235.238616387619,1000.0
1252,3072.6645470136336,1000.0
1253,3158.4410823074672,1000.0
1254,3118.436700103153,1000.0
1255,3109.698867210259,1000.0
1256,3080.916933427565,1000.0
1257,3184.9522633996944,1000.0
1258,3144.6516154942387,1000.0
1259,3166.298641426442,1000.0
1260,3188.615478319588,1000.0
1261,3094.757753516523,1000.0
1262,3097.3830059388983,1000.0
1263,3092.9403574822463,1000.0
1264,3282.494283775469,1000.0
1265,3073.9592807488507,1000.0
1266,3072.0215864578863,1000.0
1267,3144.2937920449394,1000.0
1268,3167.868503717993,1000.0
1269,3191.6291218090437,1000.0
1270,3153.696697248779,1000.0
1271,3143.1116771342777,1000.0
1272,3063.5661296390053,1000.0
1273,3248.049726081007,1000.0
1274,3118.4065508493886,1000.0
1275,3211.892434141896,1000.0
1276,3066.5752409824754,1000.0
1277,3068.847434249946,1000.0
1278,3126.7173428893557,1000.0
1279,3097.0770398627874,1000.0
1280,3128.292134907474,1000.0
1281,3204.9122205794188,1000.0
1282,3052.864858479317,1000.0
1283,3048.998319697558,1000.0
1284,3235.2477896620144,1000.0
1285,3172.6651896002627,1000.0
1286,3154.079119179352,1000.0
1287,3225.9321935540665,1000.0
1288,3166.500171211426,1000.0
1289,3158.02997561363,1000.0
1290,2751.208073856527,1000.0
1291,3124.6022818934243,1000.0
1292,3146.7997275736498,1000.0
1293,3198.2573582550654,1000.0
1294,3168.0449338340063,1000.0
1295,3190.6863980656926,1000.0
1296,3187.3278161746675,1000.0
1297,3100.179876475592,1000.0
1298,3033.1299686059474,1000.0
1299,3214.5477866795813,1000.0
1300,3098.8055916089056,1000.0
1301,3133.077478843626,1000.0
1302,3145.207650003201,1000.0
1303,3246.533004929993,1000.0
1304,3182.807990208959,1000.0
1305,3135.6454214540363,1000.0
1306,3075.362982235365,1000.0
1307,3146.955512482925,1000.0
1308,3151.2685637549607,1000.0
1309,3147.061948287186,1000.0
1310,3145.6882179468776,1000.0
1311,3235.143817189562,1000.0
1312,3111.954639189845,1000.0
1313,2955.586716940658,1000.0
1314,3039.9792473073917,1000.0
1315,3106.0834750417052,1000.0
1316,3134.829142635909,1000.0
1317,3053.316287606335,1000.0
1318,3192.527163853274,1000.0
1319,3127.685251314825,1000.0
1320,3313.0897269105203,1000.0
1321,3167.17340068304,1000.0
1322,3080.3635768236604,1000.0
1323,3125.004861743735,1000.0
1324,3162.5598177168017,1000.0
1325,3170.5879677080893,1000.0
1326,3177.0461980756863,1000.0
1327,3115.3764916324676,1000.0
1328,3198.9457940183893,1000.0
1329,3114.598152680558,1000.0
1330,3056.568683029149,1000.0
1331,3201.6453480655236,1000.0
1332,3201.0774199553384,1000.0
1333,3106.877304833546,1000.0
1334,3222.6898158286576,1000.0
1335,3167.5877748855437,1000.0
1336,3220.2651683298623,1000.0
1337,3110.9430714234504,1000.0
1338,3219.0599089994917,1000.0
1339,3316.056998261284,1000.0
1340,3152.810937742556,1000.0
1341,3186.5630718812704,1000.0
1342,3139.94846843743,1000.0
1343,3167.750677556551,1000.0
1344,3203.132864193306,1000.0
1345,3216.079865168126,1000.0
1346,3158.7642541958385,1000.0
1347,3195.7602736968624,1000.0
1348,3216.52124802632,1000.0
1349,3202.3711033675804,1000.0
1350,3100.9790303152345,1000.0
1351,3133.1032419317976,1000.0
1352,3136.6896114430565,1000.0
1353,3190.1401295184464,1000.0
1354,3136.404881059392,1000.0
1355,3173.480566407989,1000.0
1356,3278.522018708364,1000.0
1357,3246.5388974759785,1000.0
1358,3158.476552063553,1000.0
1359,2552.745889162502,1000.0
1360,3243.396448801327,1000.0
1361,3286.050770362954,1000.0
1362,3196.1232127342264,1000.0
1363,3150.8436355282506,1000.0
1364,3249.1272699697383,1000.0
1365,3129.2146106238315,1000.0
1366,3145.1715317533026,1000.0
1367,3249.9641838334983,1000.0
1368,3207.8112449114324,1000.0
1369,3124.7690330270198,1000.0
1370,3200.212640829657,1000.0
1371,3248.357448171962,1000.0
1372,3156.258798710368,1000.0
1373,3126.2213376745267,1000.0
1374,3129.0828206599845,1000.0
1375,3031.2988932353646,1000.0
1376,3250.3665491409956,1000.0
1377,3184.555843103052,1000.0
1378,3151.239001119536,1000.0
1379,3163.1572359785205,1000.0
1380,3153.6483162827667,1000.0
1381,3111.660271957408,1000.0
1382,3171.3241232794635,1000.0
1383,3204.965641791104,1000.0
1384,3232.9435719419444,1000.0
1385,3183.5377119234918,1000.0
1386,3204.65335076834,1000.0
1387,3280.09775468195,1000.0
1388,3159.65066525295,1000.0
1389,3198.6990097972875,1000.0
1390,3275.7217273593437,1000.0
1391,3248.235244289442,1000.0
1392,3191.752894109274,1000.0
1393,3131.537368684373,1000.0
1394,3269.74410407887,1000.0
1395,3314.9983567308636,1000.0
1396,3320.08337728385,1000.0
1397,3169.7611330487134,1000.0
1398,3194.419936635624,1000.0
1399,3263.030609303154,1000.0
1400,3252.960816717161,1000.0
1401,3266.046293316253,1000.0
1402,3208.4300359341105,1000.0
1403,3165.4920237442066,1000.0
1404,3250.4517401519856,1000.0
1405,3232.9464341298676,1000.0
1406,3239.2906354807574,1000.0
1407,3185.9727677034502,1000.0
1408,3258.832459202132,1000.0
1409,3110.4829177709753,1000.0
1410,3217.6580353016425,1000.0
1411,3154.274228283144,1000.0
1412,3194.463941989671,1000.0
1413,3208.728068610243,1000.0
1414,3241.0347402554594,1000.0
1415,3208.365802854865,1000.0
1416,3172.258334746536,1000.0
1417,3265.456229957475,1000.0
1418,3163.517357510789,1000.0
1419,3122.5205308775503,1000.0
1420,3208.835581846807,1000.0
1421,3253.8312201982017,1000.0
1422,3214.713104839884,1000.0
1423,3160.2185055425502,1000.0
1424,3167.1540503546985,1000.0
1425,3244.212872735564,1000.0
1426,3183.9892407186794,1000.0
1427,3151.939110703687,1000.0
1428,3197.0860941628553,1000.0
1429,3177.296631384411,1000.0
1430,3218.150855596384,1000.0
1431,3187.8329672887503,1000.0
1432,3140.818392555922,1000.0
1433,3230.7552687673315,1000.0
1434,3143.417978923577,1000.0
1435,3226.43892200982,1000.0
1436,3104.0229514032685,1000.0
1437,3262.279635945481,1000.0
1438,3143.0210126056595,1000.0
1439,3149.224018554239,1000.0
1440,3196.2432856458922,1000.0
1441,3224.106244860983,1000.0
1442,3264.7598432827353,1000.0
1443,3226.870138517505,1000.0
1444,3243.0127291624613,1000.0
1445,3257.136301097866,1000.0
1446,3165.35832315691,1000.0
1447,3220.0051511257407,1000.0
1448,3197.691262757932,1000.0
1449,3285.0945174106682,1000.0
1450,3239.3853256041843,1000.0
1451,3236.6931083262375,1000.0
1452,3303.482081394227,1000.0
1453,3235.698093905594,1000.0
1454,3153.04205868748,1000.0
1455,3230.2577204516906,1000.0
1456,3258.632374323882,1000.0
1457,3209.965397805071,1000.0
1458,3287.715160234492,1000.0
1459,3262.0539413434717,1000.0
1460,3259.8907216760754,1000.0
1461,3225.9849078413563,1000.0
1462,3278.4163031595663,1000.0
1463,3256.0002936047017,1000.0
1464,3385.330660987427,1000.0
1465,3323.879634887761,1000.0
1466,2687.111629153712,1000.0
1467,3357.716158521136,1000.0
1468,3290.56700438915,1000.0
1469,3025.086183036249,1000.0
1470,3369.0189349089487,1000.0
1471,3233.219616165051,1000.0
1472,3183.3019138228506,1000.0
1473,3236.2105578254755,1000.0
1474,3302.5412369703217,1000.0
1475,3323.381278990136,1000.0
1476,3250.589127054908,1000.0
1477,3243.997368757039,1000.0
1478,3198.00792168326,1000.0
1479,3183.9368505533585,1000.0
1480,3289.7284761445217,1000.0
1481,3294.123098279746,1000.0
1482,3288.839514843411,1000.0
1483,3289.8512668039416,1000.0
1484,3374.234310978405,1000.0
1485,3110.671517956861,1000.0
1486,3324.3999829286404,1000.0
1487,3351.6514312312224,1000.0
1488,3264.341180395471,1000.0
1489,3341.1040475285627,1000.0
1490,3261.3700779657006,1000.0
1491,3208.468175993073,1000.0
1492,2774.6842108599476,1000.0
1493,3270.933569597619,1000.0
1494,3284.81694496579,1000.0
1495,3333.62820765863,1000.0
1496,3207.5221746661186,1000.0
1497,3329.6677702934257,1000.0
1498,3302.7682717828966,1000.0
1499,3365.4166673683185,1000.0
1500,3246.550237029526,1000.0
1501,3229.703501895101,1000.0
1502,3244.3630763652322,1000.0
1503,3188.1764989266035,1000.0
1504,3248.367585455778,1000.0
1505,3334.767263947605,1000.0
1506,3292.228860837257,1000.0
1507,2561.6494817872,1000.0
1508,3232.5091867113774,1000.0
1509,3379.8468827670454,1000.0
1510,3217.8482974782264,1000.0
1511,3370.200542467401,1000.0
1512,3334.249610432415,1000.0
1513,3323.7501963117297,1000.0
1514,3269.605175385075,1000.0
1515,3277.4622526483718,1000.0
1516,3296.649975978597,1000.0
1517,3270.5502998751717,1000.0
1518,3240.715863967266,1000.0
1519,3286.1823698734784,1000.0
1520,3294.3287008768916,1000.0
1521,3196.7326377729305,1000.0
1522,3255.44164585857,1000.0
1523,3261.4564986931205,1000.0
1524,3327.8091336632688,1000.0
1525,3275.7749182994767,1000.0
1526,3249.4290009209158,1000.0
1527,3303.309356210177,1000.0
1528,3113.5533710276204,1000.0
1529,3326.1638818094884,1000.0
1530,3193.2093519304076,1000.0
1531,3405.5645362300393,1000.0
1532,3349.627596409967,1000.0
1533,3289.4007794277823,1000.0
1534,3319.8514186787106,1000.0
1535,3357.0622202613567,1000.0
1536,3262.116484978188,1000.0
1537,3269.4973249311215,1000.0
1538,3340.7808447425327,1000.0
1539,3351.3816856323597,1000.0
1540,3215.1350135150506,1000.0
1541,3234.0030685019065,1000.0
1542,3354.9699383879642,1000.0
1543,3328.0778775782082,1000.0
1544,3290.4410852203337,1000.0
1545,2652.1871876223577,1000.0
1546,3316.4251207325224,1000.0
1547,3320.0698091472427,1000.0
1548,3377.074931783245,1000.0
1549,3243.3458331611205,1000.0
1550,3394.9922520343907,1000.0
1551,3310.1339571741555,1000.0
1552,3329.886592281725,1000.0
1553,3326.678503427041,1000.0
1554,3331.83552407152,1000.0
1555,3299.035100401949,1000.0
1556,3352.6279075068755,1000.0
1557,3354.5889951635704,1000.0
1558,3288.779423693636,1000.0
1559,3413.3038005637122,1000.0
1560,3240.701442484899,1000.0
1561,3308.6164674755346,1000.0
1562,3351.40970857414,1000.0
1563,3377.3663596227684,1000.0
1564,3426.9606281516935,1000.0
1565,3253.322371922872,1000.0
1566,3343.9539476365876,1000.0
1567,3376.140808226274,1000.0
1568,3258.9213321517445,1000.0
1569,3309.009225306387,1000.0
1570,3394.6238454337335,1000.0
1571,3295.798143887402,1000.0
1572,3355.436060592413,1000.0
1573,3304.436576909825,1000.0
1574,3384.3204659147145,1000.0
1575,3332.901002843585,1000.0
1576,3173.7508371300396,1000.0
1577,3434.673587295707,1000.0
1578,3300.0971211167694,1000.0
1579,3367.821534718627,1000.0
1580,3376.200998541918,1000.0
1581,3275.3920898981514,1000.0
1582,3296.7556330760335,1000.0
1583,3351.2818846203336,1000.0
1584,3313.0250453694266,1000.0
1585,3377.3977605900463,1000.0
1586,3350.330963563112,1000.0
1587,3383.7160913284997,1000.0
1588,3326.534843137864,1000.0
1589,3327.301371135608,1000.0
1590,3271.257106906527,1000.0
1591,3376.838788550008,1000.0
1592,3263.773379166291,1000.0
1593,3371.226500748807,1000.0
1594,3282.9392902216287,1000.0
1595,3394.300817095097,1000.0
1596,3400.341114828597,1000.0
1597,3300.1810318223957,1000.0
1598,3333.4561629170867,1000.0
1599,3420.0897456488915,1000.0
1600,3437.2998617867534,1000.0
1601,3323.2859038147712,1000.0
1602,3323.164883572287,1000.0
1603,3272.928755719513,1000.0
1604,3277.0693627669525,1000.0
1605,3359.9989491948436,1000.0
1606,3356.630120117893,1000.0
1607,3247.6423833093804,1000.0
1608,3317.1855027679826,1000.0
1609,3320.823154912124,1000.0
1610,3380.7289575456257,1000.0
1611,3305.694695249137,1000.0
1612,3335.0376458682977,1000.0
1613,3408.1236966575866,1000.0
1614,3344.517302355198,1000.0
1615,3238.3461706143253,1000.0
1616,3367.4731133398536,1000.0
1617,3375.0768020598034,1000.0
1618,3385.386047562025,1000.0
1619,3394.447278779038,1000.0
1620,3398.573616083896,1000.0
1621,3372.456161757357,1000.0
1622,3410.440103279997,1000.0
1623,3351.226340641181,1000.0
1624,3328.6974753965796,1000.0
1625,3314.8761482200052,1000.0
1626,3394.157855509174,1000.0
1627,3402.69202718591,1000.0
1628,3352.237458040193,1000.0
1629,3353.285391746481,1000.0
1630,3361.4645197816417,1000.0
1631,3383.821387343519,1000.0
1632,3427.1805180152974,1000.0
1633,3426.635714872704,1000.0
1634,3377.0430974507785,1000.0
1635,3400.328038729361,1000.0
1636,3366.0669588370533,1000.0
1637,3383.984771391929,1000.0
1638,3289.053643293823,1000.0
1639,3363.2089657438314,1000.0
1640,3050.167051722965,1000.0
1641,3320.441228266478,1000.0
1642,3348.133185363871,1000.0
1643,3272.171297474142,1000.0
1644,3375.7668426611717,1000.0
1645,3264.779787317341,1000.0
1646,2633.2375403745427,1000.0
1647,3314.9331472649237,1000.0
1648,3312.971665978586,1000.0
1649,3293.26907947676,1000.0
1650,3271.7167443929407,1000.0
1651,3353.9200189989438,1000.0
1652,3428.6221210746203,1000.0
1653,3345.1304773883867,1000.0
1654,3325.3410676495523,1000.0
1655,3416.900214411706,1000.0
1656,3266.2237409202535,1000.0
1657,3281.849429376988,1000.0
1658,3345.488767362921,1000.0
1659,3230.3122699409296,1000.0
1660,3241.3416674757386,1000.0
1661,3369.110088363839,1000.0
1662,3378.010856230202,1000.0
1663,3428.7079795149316,1000.0
1664,3418.455146688734,1000.0
1665,3311.220042404742,1000.0
1666,3333.2649865790277,1000.0
1667,3376.007880084858,1000.0
1668,3374.5077520737786,1000.0
1669,3409.803302614901,1000.0
1670,3373.561147785621,1000.0
1671,3353.3616035864934,1000.0
1672,3300.387186309568,1000.0
1673,3451.3527881944465,1000.0
1674,3331.2864543890682,1000.0
1675,3319.8444711622733,1000.0
1676,3362.381978475404,1000.0
1677,3344.772621378156,1000.0
1678,3291.2485053504993,1000.0
1679,3427.0959085747627,1000.0
1680,3282.928620822153,1000.0
1681,3458.111039078779,1000.0
1682,3385.9513586459034,1000.0
1683,3317.5925115696155,1000.0
1684,3331.4516532665302,1000.0
1685,3416.926752535248,1000.0
1686,3208.4443174987155,1000.0
1687,3353.1781394220293,1000.0
1688,3389.238667425645,1000.0
1689,3090.8929300699238,1000.0
1690,3388.4174916400543,1000.0
1691,3388.4134048176265,1000.0
1692,3396.5066402052253,1000.0
1693,3429.023198603913,1000.0
1694,3321.050321185462,1000.0
1695,3387.198978690723,1000.0
1696,2670.015789435123,1000.0
1697,3431.249870413295,1000.0
1698,3400.9885101749765,1000.0
1699,3330.0891770137955,1000.0
1700,3383.7657590175454,1000.0
1701,3473.2529378732243,1000.0
1702,3473.662203124352,1000.0
1703,3383.6233641496992,1000.0
1704,3326.2177489869127,1000.0
1705,3306.774688163948,1000.0
1706,3445.913743317547,1000.0
1707,3358.9150373835864,1000.0
1708,3379.8625334378435,1000.0
1709,3355.82973099291,1000.0
1710,3398.1880111300793,1000.0
1711,2687.305773440438,1000.0
1712,3343.8536663646983,1000.0
1713,2930.320230542429,1000.0
1714,3370.401784390802,1000.0
1715,3441.4394833893593,1000.0
1716,3324.8455546376513,1000.0
1717,3358.8023064350773,1000.0
1718,3432.614833286259,1000.0
1719,3382.9917294571933,1000.0
1720,3380.963904333734,1000.0
1721,3470.988661550724,1000.0
1722,3404.9091527426754,1000.0
1723,3305.106673562043,1000.0
1724,3382.0755876973103,1000.0
1725,3508.202807854909,1000.0
1726,3328.16184460741,1000.0
1727,3394.6445884796826,1000.0
1728,3471.9471928304893,1000.0
1729,3472.516311358029,1000.0
1730,3346.0189959494296,1000.0
1731,3101.803408431543,1000.0
1732,3325.3304236504955,1000.0
1733,3287.514799116012,1000.0
1734,3399.1882435458065,1000.0
1735,3417.488210693196,1000.0
1736,3356.37424252433,1000.0
1737,3475.4355918408537,1000.0
1738,3376.9646406530883,1000.0
1739,3302.0784412378794,1000.0
1740,3358.3752728388836,1000.0
1741,3425.0231644196488,1000.0
1742,3430.238008023156,1000.0
1743,3384.9104641254853,1000.0
1744,3450.036801530704,1000.0
1745,3108.090711977779,1000.0
1746,3442.3755289434484,1000.0
1747,2686.5304981495447,1000.0
1748,3291.628377742231,1000.0
1749,3508.114373488211,1000.0
1750,3426.9305281618663,1000.0
1751,3388.9698534855415,1000.0
1752,3357.5505562467124,1000.0
1753,3448.181169489023,1000.0
1754,3436.64590450912,1000.0
1755,3449.2547511212556,1000.0
1756,3202.555037712445,1000.0
1757,3383.6122101716296,1000.0
1758,3504.729527013305,1000.0
1759,3437.3489559634995,1000.0
1760,3401.133278842349,1000.0
1761,3345.313416181115,1000.0
1762,3392.7789628806,1000.0
1763,3442.4842287442966,1000.0
1764,3387.500271501064,1000.0
1765,3398.4199073653567,1000.0
1766,3461.6381862543335,1000.0
1767,3359.407004002334,1000.0
1768,3418.6393537895433,1000.0
1769,3371.913656801131,1000.0
1770,3417.087964888403,1000.0
1771,3347.458462018453,1000.0
1772,2824.132283938742,1000.0
1773,3419.45809967823,1000.0
1774,3459.8391908100807,1000.0
1775,3466.1872279917525,1000.0
1776,3353.484153734954,1000.0
1777,3527.5634860126447,1000.0
1778,3340.6966431641354,1000.0
1779,3514.8324007065617,1000.0
1780,3406.5654025155354,1000.0
1781,2966.3862221632335,1000.0
1782,3441.645817685494,1000.0
1783,3476.522359298302,1000.0
1784,3410.7052477167294,1000.0
1785,3424.918011193308,1000.0
1786,3361.7668683600555,1000.0
1787,3363.025380696077,1000.0
1788,3334.01951383048,1000.0
1789,3367.765476265666,1000.0
1790,3211.1535619590863,1000.0
1791,3357.3850478645413,1000.0
1792,3378.503367238844,1000.0
1793,3428.8443336352843,1000.0
1794,3327.987729287547,1000.0
1795,3348.1277950394674,1000.0
1796,3409.2969663476324,1000.0
1797,3443.0531082221423,1000.0
1798,3478.218637164419,1000.0
1799,3421.336965813455,1000.0
1800,3459.0238593629474,1000.0
1801,3378.8305524480575,1000.0
1802,3344.2019754794915,1000.0
1803,3432.4112240689756,1000.0
1804,3422.640794288766,1000.0
1805,3065.841473829568,1000.0
1806,3443.1425730309647,1000.0
1807,3382.1056579533483,1000.0
1808,3423.6252360526405,1000.0
1809,3429.0278056551506,1000.0
1810,3445.154133055271,1000.0
1811,3450.2753150722237,1000.0
1812,3444.5163166103093,1000.0
1813,3392.7438768160964,1000.0
1814,3506.104426709583,1000.0
1815,3425.5687833126967,1000.0
1816,2815.1292167319016,1000.0
1817,3430.0155818298203,1000.0
1818,3428.028437647966,1000.0
1819,3344.092071058406,1000.0
1820,3408.723798785323,1000.0
1821,3068.2336497075553,1000.0
1822,3428.768804221476,1000.0
1823,3435.564193240951,1000.0
1824,3380.739496872833,1000.0
1825,3447.927959882351,1000.0
1826,3458.841353126074,1000.0
1827,3278.8519792693123,1000.0
1828,3486.9964864051153,1000.0
1829,3449.7862705301873,1000.0
1830,3326.176475648569,1000.0
1831,3437.5832301661126,1000.0
1832,3400.894235348345,1000.0
1833,3149.846168668158,1000.0
1834,3408.2738490071,1000.0
1835,3482.2525381632995,1000.0
1836,3353.2973481020867,1000.0
1837,3368.4974021380863,1000.0
1838,3178.8628489743555,1000.0
1839,3444.9746617809697,1000.0
1840,3426.6941408084554,1000.0
1841,3395.3859593577827,1000.0
1842,3433.514184407378,1000.0
1843,3453.183765142112,1000.0
1844,3395.1863174675354,1000.0
1845,3391.7776115381685,1000.0
1846,3398.9975755654073,1000.0
1847,3494.1140866445676,1000.0
1848,3431.8747457243894,1000.0
1849,3444.632548678099,1000.0
1850,3529.6570051456038,1000.0
1851,3464.2011366053134,1000.0
1852,3484.0272858222925,1000.0
1853,3372.9478721397427,1000.0
1854,3432.784615516909,1000.0
1855,3452.704336057878,1000.0
1856,3407.357117690969,1000.0
1857,3551.150683793542,1000.0
1858,3452.32450879855,1000.0
1859,3401.6378182985136,1000.0
1860,3407.8819654786093,1000.0
1861,3410.4323746206587,1000.0
1862,3436.365447861601,1000.0
1863,3448.6731945835736,1000.0
1864,3426.4337757944586,1000.0
1865,3412.6575626210797,1000.0
1866,3433.507138338766,1000.0
1867,3456.3446335190347,1000.0
1868,3467.9343482350714,1000.0
1869,3495.6700905323405,1000.0
1870,3427.7607131826107,1000.0
1871,3440.9055902232176,1000.0
1872,3474.4007059088567,1000.0
1873,3441.9965424023057,1000.0
1874,3501.322733685094,1000.0
1875,3447.877483813076,1000.0
1876,3418.3117030966096,1000.0
1877,3421.3406939069946,1000.0
1878,3499.3498385539147,1000.0
1879,3536.033837647029,1000.0
1880,3452.559806444031,1000.0
1881,3436.4760708267595,1000.0
1882,2769.0795354244137,1000.0
1883,3398.2555497026688,1000.0
1884,2933.118658435017,1000.0
1885,3453.938826802557,1000.0
1886,3447.3253195376865,1000.0
1887,3490.118247215156,1000.0
1888,3461.566827148656,1000.0
1889,3366.1432970613714,1000.0
1890,3533.2557334957905,1000.0
1891,3450.9718045410455,1000.0
1892,3484.554703080795,1000.0
1893,3562.67217817418,1000.0
1894,3453.2247526757083,1000.0
1895,3532.749481902169,1000.0
1896,3398.994335478668,1000.0
1897,3457.415107015132,1000.0
1898,3095.5986673416724,1000.0
1899,3389.5722079055327,1000.0
1900,3502.5695068885047,1000.0
1901,3435.80379390662,1000.0
1902,3391.0996246623413,1000.0
1903,3327.80076198779,1000.0
1904,3470.9177321099633,1000.0
1905,3431.1299250860197,1000.0
1906,3524.638823703682,1000.0
1907,3464.099214135814,1000.0
1908,3436.174249592858,1000.0
1909,3018.1250742268703,1000.0
1910,3498.0815418598154,1000.0
1911,3386.147164594756,1000.0
1912,3404.1818556090816,1000.0
1913,3449.1780736677692,1000.0
1914,3424.535946926787,1000.0
1915,3410.261015520127,1000.0
1916,3450.900720473175,1000.0
1917,3374.4970442902354,1000.0
1918,3403.9102790925053,1000.0
1919,3333.4845418373698,1000.0
1920,3406.2251282721168,1000.0
1921,3371.5406070967015,1000.0
1922,3354.332838298561,1000.0
1923,3418.0235828491145,1000.0
1924,3419.583593025321,1000.0
1925,3424.643825933581,1000.0
1926,3462.166895298765,1000.0
1927,3441.5968483730853,1000.0
1928,3407.7143525352235,1000.0
1929,3458.201685128371,1000.0
1930,3387.558648049766,1000.0
1931,3501.4800082588868,1000.0
1932,3402.3537104247466,1000.0
1933,3445.3752885184613,1000.0
1934,3315.4846167941287,1000.0
1935,3475.479935319277,1000.0
1936,3483.6560322936216,1000.0
1937,3489.295936416501,1000.0
1938,3483.6266747789573,1000.0
1939,3464.0265263687497,1000.0
1940,3362.832479648331,1000.0
1941,3506.526113715235,1000.0
1942,3476.1435485645648,1000.0
1943,3491.0526993895487,1000.0
1944,3381.3810017606966,1000.0
1945,3562.712325081952,1000.0
1946,3416.590720721342,1000.0
1947,3476.028100879115,1000.0
1948,3532.2400642842235,1000.0
1949,3424.5528847756095,1000.0
1950,3512.5199571674757,1000.0
1951,3554.7017645558226,1000.0
1952,3499.6834688639756,1000.0
1953,3411.2274624636584,1000.0
1954,3473.828532478994,1000.0
1955,3504.7914069473272,1000.0
1956,3435.9066130548613,1000.0
1957,2914.4072112222843,1000.0
1958,3556.0880341897173,1000.0
1959,3457.262326196338,1000.0
1960,3442.6841712016917,1000.0
1961,3550.581410157681,1000.0
1962,3457.966056020419,1000.0
1963,3531.0992625704102,1000.0
1964,3507.7192233574306,1000.0
1965,3433.0060183761343,1000.0
1966,3439.6019496988692,1000.0
1967,3561.7737560076666,1000.0
1968,3532.278518988585,1000.0
1969,3446.0107270350045,1000.0
1970,3470.3472900505294,1000.0
1971,3442.785100540497,1000.0
1972,3426.0423317426953,1000.0
1973,3384.4584531747373,1000.0
1974,3445.491040280227,1000.0
1975,3535.74037778875,1000.0
1976,2745.713856840991,1000.0
1977,3459.3478470445107,1000.0
1978,3495.638978678202,1000.0
1979,3461.8425269794925,1000.0
1980,3369.95231090389,1000.0
1981,3504.424960296184,1000.0
1982,3473.230433314053,1000.0
1983,3501.0532282390327,1000.0
1984,3526.0778255924693,1000.0
1985,3474.430473690931,1000.0
1986,3486.537652751797,1000.0
1987,3461.734058531582,1000.0
1988,3416.358740378854,1000.0
1989,3555.006270388546,1000.0
1990,3489.0237255064812,1000.0
1991,3491.0249394817556,1000.0
1992,3511.1409252643753,1000.0
1993,3610.5350731999097,1000.0
1994,3417.7065812613087,1000.0
1995,3548.6182043702784,1000.0
1996,3472.3530543200823,1000.0
1997,3443.8697356051307,1000.0
1998,3403.7272632180875,1000.0
1999,3556.8762035246573,1000.0
