,global_len,global_return
0,16,16.129592210157337
1,9,6.790997978089304
2,14,9.434229300041352
3,24,28.178450838831537
4,30,18.9969900361336
5,18,12.18113138188583
6,36,26.580053543788235
7,20,9.404233151299822
8,12,8.267356554117699
9,12,8.365790503568935
10,14,12.680682593526992
11,24,13.205295131441183
12,15,11.508490724616806
13,12,9.843907773561634
14,24,18.232726710558005
15,17,15.900988386838218
16,10,8.727954958874705
17,50,72.91785294837217
18,28,15.449790754854114
19,17,10.831088753961778
20,16,11.165121812901571
21,48,59.08479671505164
22,17,16.122273490649054
23,24,18.012812324955295
24,11,9.992661982944975
25,11,8.185392300646718
26,43,39.825185573804795
27,32,24.583789537946792
28,11,9.292358919264164
29,20,21.155496612801166
30,15,12.045787048446158
31,35,39.06468934181736
32,15,14.916353829688088
33,21,12.713772611824282
34,31,21.141880907697608
35,19,18.129363365471868
36,19,18.87328089217665
37,9,6.926671906291749
38,15,11.644464977035305
39,15,13.44893481007668
40,18,12.139190666758376
41,48,51.52036827719128
42,45,41.28218733762974
43,17,11.310483008494668
44,12,6.647762645434701
45,24,10.503467875407416
46,19,15.144431893044413
47,40,31.110772209670742
48,24,22.98767325443523
49,13,4.921718354222806
50,18,8.794549859498174
51,31,24.866398648858652
52,16,10.363429233999025
53,18,10.983754715796623
54,10,6.056459276593306
55,12,9.123647745769231
56,15,8.736650661507046
57,15,12.664441558623425
58,14,13.387549830119804
59,15,9.773676217824205
60,16,15.031221395335503
61,118,231.74896284822884
62,13,11.318749641119307
63,10,7.620050689971204
64,19,10.818976314078181
65,14,7.376590352626407
66,13,10.172273201831867
67,18,15.934061564461775
68,12,5.177635515478363
69,18,13.65972964362952
70,15,13.177631401988402
71,27,29.137361857775396
72,34,16.422147062026273
73,28,26.94994033753938
74,13,9.402505692198362
75,14,8.602141207361171
76,19,12.137744911493293
77,18,14.189950380414782
78,20,19.62484592327429
79,9,6.730926185670019
80,16,5.703305639764736
81,40,21.494106569447816
82,25,19.21740029200451
83,21,10.98559540324204
84,21,11.017159144549403
85,16,11.359325563971623
86,19,11.740515562678308
87,24,22.144818585393256
88,24,13.191576468600164
89,23,7.655408119821955
90,10,7.702324795469989
91,24,13.9889486541156
92,27,18.069351195629896
93,21,10.89783634822
94,11,8.333273715628918
95,18,20.144292448789137
96,13,9.561166801746419
97,11,8.208514296068179
98,21,12.177706999048329
99,17,13.265167693009
100,10,6.837023765855735
101,34,20.62820161206131
102,18,12.869673508382485
103,21,22.168171930401336
104,15,8.56749601650776
105,28,23.890659456255932
106,39,12.048539232955767
107,11,8.740199987629428
108,16,9.88550318759922
109,44,27.82779103302107
110,15,12.561389613439284
111,26,7.713901722966414
112,29,19.875283381166323
113,14,11.054547659804724
114,16,13.119503369781004
115,41,57.50644210488947
116,37,28.2254964989506
117,23,13.075131241792416
118,37,15.39218071159978
119,9,6.962726535382362
120,12,10.600204827654517
121,27,14.428002178360538
122,23,26.818808258611522
123,28,21.376550148596813
124,49,73.68961840294573
125,22,15.539857487015665
126,10,5.861625227577857
127,11,8.26130303576196
128,13,9.960515674463336
129,29,33.78412838956903
130,12,7.533966551557385
131,13,9.336344077243789
132,12,7.352861539113859
133,19,20.000441825755914
134,15,12.753644388187737
135,18,13.297054124574682
136,38,19.831006893202588
137,14,8.639680548366597
138,17,12.21140248334741
139,21,6.00855670320327
140,16,9.786086584861195
141,23,18.439755029671403
142,13,11.694510696182398
143,24,21.14063148276388
144,18,17.18457872162239
145,13,8.978494858397825
146,14,12.159830466777557
147,9,7.142771841564003
148,15,10.692882064207888
149,10,7.202633964806739
150,31,11.719597777962923
151,97,188.45356290314243
152,17,6.311012066705294
153,18,13.235863813345002
154,39,51.451548261115846
155,26,18.404866030704625
156,36,13.190953955081442
157,15,8.45194521793376
158,32,12.203582435990363
159,15,12.074371569318478
160,11,8.24774970029452
161,41,55.32814510811717
162,22,17.28600797307277
163,20,20.527949550837594
164,12,6.949072726261185
165,31,16.442286163831106
166,22,24.650191328751
167,36,17.983928122672985
168,15,9.274177971313001
169,33,13.706018521057606
170,15,10.610675781856651
171,12,8.717780839164949
172,12,6.968620005109624
173,14,10.873399203734339
174,24,14.611785978567555
175,30,16.522148085815868
176,12,11.108526153891283
177,26,17.967844909546503
178,17,9.241483525193944
179,17,17.656415735681584
180,15,9.945173418585142
181,20,14.659253173847167
182,20,18.767827603362235
183,20,11.325520447042347
184,14,8.497885224733603
185,11,7.877999255993104
186,14,6.900367931603963
187,19,9.798002114498145
188,23,20.17765072627087
189,33,40.12887013718759
190,23,9.483071212976492
191,18,17.637891539281675
192,15,11.094224000817524
193,20,11.296756943247805
194,16,12.1116025731692
195,25,23.013423192249963
196,29,29.223598969981776
197,59,34.711841918183346
198,19,13.946448247532159
199,12,10.02324099369475
200,12,8.986943425506139
201,25,21.815014168726453
202,9,7.352705405314075
203,47,73.18986696540561
204,14,10.125190104630436
205,38,29.057059762689732
206,86,149.79705601485676
207,19,14.095016174798078
208,15,13.536365724626084
209,31,22.439997027456926
210,18,12.661252806193348
211,46,29.102406667969177
212,25,23.725636196328633
213,29,11.9265053899051
214,11,8.772073821599747
215,15,8.059771323453779
216,22,16.19566419644165
217,18,17.54379385047532
218,30,18.107006025231673
219,13,9.07461662267377
220,12,9.263575638984216
221,9,5.869924975380438
222,29,20.150819338983275
223,14,9.65285713724969
224,13,4.985423512162417
225,45,21.496654162641633
226,16,10.87842023393111
227,22,23.844902002678154
228,17,9.962228352296465
229,10,6.308309765799733
230,18,17.903308490100287
231,24,22.32216390080217
232,15,10.711801152714175
233,18,18.230325563923547
234,20,11.572164670371505
235,28,34.00013953339548
236,15,2.9998780324525502
237,18,13.75091228842023
238,16,11.307106952650129
239,15,11.457671675815595
240,15,7.0635910789837695
241,23,21.52523171060611
242,18,15.468520033670325
243,18,17.75953389015079
244,35,43.685060912252524
245,26,10.228264296318367
246,25,20.087372536377085
247,17,11.151346924453724
248,23,25.441965405655537
249,12,8.077153936543176
250,14,9.351539988832286
251,30,28.998032664009127
252,30,13.435480016687833
253,15,10.575521771844071
254,11,8.436469380039277
255,9,6.962821456879191
256,13,10.833277327412082
257,15,12.265183312651159
258,11,8.56099580919387
259,21,13.962535067267314
260,11,6.732493852606858
261,27,25.51652134759994
262,15,11.324912469519633
263,22,10.21218185464205
264,14,10.435521512879468
265,11,7.681863218722918
266,15,9.697721100229677
267,19,11.976005137801868
268,14,9.386455829585026
269,46,27.26036639625184
270,15,10.796746592213244
271,16,6.606150536190208
272,17,13.440802825781192
273,32,22.54838814622254
274,18,8.951847828774246
275,24,7.683217688461586
276,22,22.573891200618384
277,11,8.420515807509213
278,20,17.84110667245353
279,7,4.427099746800275
280,17,13.989097390767656
281,13,8.844997064223064
282,28,20.40230072635559
283,12,10.480836052085984
284,9,6.142082558690434
285,24,15.836733050071874
286,16,8.773474920863398
287,10,7.355637330135721
288,20,13.227250236679366
289,14,12.63265151644763
290,21,10.428946231862334
291,15,9.559575598921192
292,13,7.536742789381728
293,11,6.391046415549025
294,19,18.05085645141397
295,13,9.867516696801388
296,19,16.89858549648266
297,10,8.540171924248334
298,76,93.93114004188642
299,19,15.237936667890613
300,10,7.627352181072941
301,22,11.111554831683865
302,21,17.76495479625525
303,27,28.313769094379033
304,44,65.33501225093529
305,16,5.807660198622245
306,18,8.614020580094694
307,27,28.249109525823656
308,14,13.000520197776034
309,36,37.930613371721826
310,32,34.80460402720114
311,29,11.31243223453322
312,68,91.9876724523978
313,60,63.78951853542408
314,25,9.093404646329097
315,30,22.278501445052616
316,44,45.71127363050615
317,12,9.00505431905211
318,20,13.853955221826658
319,24,22.2657300644536
320,18,19.035278426403377
321,15,8.15435102010961
322,23,18.163246721576854
323,31,22.9603653956133
324,20,12.793549862494316
325,11,8.189323064283045
326,10,7.1478586447845105
327,20,12.248322305685571
328,23,15.117547293373512
329,20,19.919490813054033
330,28,37.90912297169553
331,26,15.987619825188435
332,18,11.499710674197814
333,20,11.911877296482988
334,20,17.57834057670155
335,11,5.7204230549740025
336,28,32.82461098866367
337,15,9.775686423769317
338,26,16.291866380967765
339,20,10.67318671640721
340,18,13.616865095201035
341,22,18.79276527036127
342,28,36.334082067937
343,26,13.728948086247529
344,39,24.65317405775067
345,16,12.686935326249662
346,23,26.124718740290767
347,20,13.392669960667366
348,31,29.569847023073017
349,12,9.696228846268866
350,13,8.456445183088709
351,35,17.259274596895082
352,40,19.43932012992062
353,12,9.831742856905564
354,21,12.888056694319234
355,64,51.53892098815735
356,20,18.659491201018653
357,19,19.10736692510125
358,20,13.812602530073463
359,45,59.688048197347484
360,17,12.48084425801413
361,22,20.3723508318564
362,30,28.58242418010385
363,20,17.12442371109439
364,19,18.297487916834815
365,26,31.498322311230243
366,21,23.620149602040694
367,11,8.04801614898407
368,22,20.935152841574602
369,17,13.157443111180612
370,17,13.776468440664427
371,35,17.782973094986886
372,58,105.17147619163927
373,27,18.025802971564325
374,20,12.620450723765412
375,12,7.851510740087789
376,13,7.418056144532303
377,32,32.982806197476464
378,43,37.08611332352343
379,15,13.787022162595367
380,21,16.742309502696664
381,26,11.513802110493089
382,15,9.100772843188176
383,17,14.249898704404538
384,49,69.64151116619942
385,44,38.47269873654373
386,27,31.102201032643634
387,13,8.497758559779214
388,21,20.7931245425481
389,64,86.50168697393174
390,33,11.403404455104099
391,17,11.793237486861026
392,8,6.050880763027692
393,33,27.702314295144134
394,21,18.658234709790552
395,46,71.12024646387431
396,34,28.056595506102717
397,11,7.945983075339914
398,16,12.396256144683784
399,10,8.607995238204944
400,24,25.331624860558936
401,31,24.403041955869128
402,20,11.249793610556914
403,13,11.271484508726711
404,17,11.78708854478625
405,47,59.09856153281936
406,33,15.544394864654354
407,15,9.698537969334529
408,23,19.077268041077886
409,15,9.484560590589913
410,20,19.826777058595063
411,19,13.573905358926348
412,19,14.898617441020528
413,18,16.614259621074734
414,11,7.8948304847713455
415,21,23.152388026802754
416,21,19.255825352557196
417,45,57.54941120063731
418,27,30.142993815939455
419,14,11.647531561918324
420,19,12.45792282238474
421,9,6.859034900630236
422,19,13.179731283476034
423,16,12.440965905379079
424,15,12.541186566216863
425,10,8.753218804246096
426,55,65.29740299972046
427,22,18.687941768780043
428,8,5.8885660441471614
429,22,14.868582014826808
430,75,117.69152723377559
431,23,11.524460719117588
432,21,12.700534218904197
433,19,19.23317956959491
434,19,8.267340143464295
435,12,8.893528861013074
436,11,6.2643872301217955
437,10,7.219808914072246
438,17,16.25145513699809
439,20,23.786710889415858
440,17,15.680868958687647
441,19,14.920938604774525
442,37,42.293240977765535
443,20,17.09700810437384
444,15,6.490327876408847
445,23,27.140254704808704
446,17,16.897492751000048
447,30,22.410259687457987
448,15,11.414949087182329
449,23,21.08571784561468
450,26,16.795922703858846
451,12,8.232988759366178
452,73,88.42211257254426
453,25,16.29982896782665
454,17,13.232193037777828
455,26,9.126122296996325
456,45,29.50887387909729
457,30,11.084018316390727
458,14,13.82871454603388
459,17,13.224914003669749
460,26,12.720688862695367
461,20,14.179208024703348
462,34,14.794423103231425
463,18,11.827715549238157
464,28,34.10725645329165
465,35,27.31146329897785
466,26,12.496240104202265
467,13,9.125551993473628
468,11,7.605903392770377
469,17,15.568637675480945
470,19,10.31459159436554
471,24,15.645329806234091
472,24,17.794472774386403
473,20,13.310308023595836
474,32,15.766288292289813
475,23,19.54430150530205
476,17,10.579050986673993
477,34,34.691124194058915
478,22,11.629220644558975
479,21,17.05042700758533
480,21,8.739657210471627
481,21,17.354803211879055
482,32,33.535846266089145
483,34,43.30498674911455
484,47,50.49535020880561
485,52,39.40066728760643
486,20,13.687443860875893
487,19,9.932707996812569
488,17,17.25178097349286
489,11,7.494935412061947
490,46,42.609052187075804
491,16,13.828521091760036
492,23,20.336886643844366
493,11,6.099465673028113
494,25,9.33554169760859
495,35,44.26374911265893
496,35,40.42963589109065
497,23,28.48456286798963
498,16,8.541602829073458
499,18,18.404213394669874
500,22,15.77066046121322
501,36,31.305354828725047
502,22,13.466601645958535
503,11,6.968056653939612
504,19,18.278830244933108
505,10,8.214682913254284
506,17,11.058559256751218
507,29,26.724376021372596
508,17,10.477112279163245
509,11,8.20119960359489
510,31,36.929498933093136
511,32,30.248011273449258
512,18,14.285583059653781
513,13,6.077597257569145
514,16,14.837233568290333
515,22,19.841557964532925
516,40,27.444658632701426
517,15,10.559055969958672
518,22,22.295195655312853
519,12,9.60482234077574
520,25,20.946167711329394
521,10,8.21758643881648
522,17,16.085872588688233
523,22,17.628001832442482
524,13,11.354906135097389
525,28,14.092002542579133
526,27,19.77591080735335
527,14,11.835241925771097
528,11,7.735089163054239
529,21,14.932480947602986
530,13,8.330879974313358
531,11,7.823694625305999
532,12,8.676870926833706
533,16,11.899701448900233
534,42,64.99080443817624
535,25,17.32370439695852
536,11,9.44789314093139
537,31,37.12995605986229
538,18,15.59761074165189
539,40,36.25631783541641
540,16,10.31965150701736
541,15,10.027448619512276
542,15,14.879584843069948
543,16,15.009568773304451
544,17,16.882877424970943
545,12,7.674280332548115
546,20,11.169882665905803
547,26,20.42217175967345
548,33,22.84006699242425
549,15,11.78397579937932
550,16,15.66367649478448
551,15,15.784981145706421
552,31,32.101608235320505
553,26,12.051678391561394
554,18,11.842788399290557
555,32,22.658412694926167
556,12,10.775998034265713
557,15,10.724171996516139
558,22,16.201450448379727
559,16,15.273155471467907
560,25,22.79087348844888
561,15,7.596361540432956
562,14,12.443722198666402
563,11,8.842472847662775
564,15,10.702871779072925
565,30,23.73368012424027
566,14,11.86284869161074
567,12,8.560581705893407
568,9,6.2245233361571755
569,13,7.697783007325659
570,30,5.430384215689184
571,22,13.386671926241975
572,17,10.70330008056154
573,16,8.789831854871673
574,10,7.031727444409198
575,14,7.951932695621412
576,17,17.474787362763816
577,38,28.796385799983764
578,11,9.49252454012163
579,11,9.34792538389886
580,17,7.171456551506983
581,73,71.9278196686493
582,19,12.631643200509561
583,24,17.242163405271555
584,43,24.358360730280054
585,18,18.000318693203884
586,27,29.18943995846173
587,20,12.053217600293815
588,10,8.08150245550711
589,35,14.173381177743511
590,13,8.511586587505779
591,52,56.12872809931959
592,14,9.8998176638453
593,18,11.587790775162961
594,18,15.48040765635469
595,19,11.973441164836576
596,14,5.564551896120883
597,23,19.40986361702782
598,16,13.320176073240008
599,18,10.386325861201454
600,39,28.22526841666178
601,15,11.436471403868671
602,24,19.169192507710864
603,18,19.55266730546709
604,24,9.174869515065838
605,17,13.460867208392065
606,12,8.583461873773999
607,18,9.047217037615878
608,18,15.655142337183312
609,17,9.845074030834079
610,13,7.346723683826478
611,13,5.6869917043792
612,37,18.124568098829037
613,18,13.397300380295594
614,27,9.982215894622648
615,21,21.132955122902104
616,17,15.936648917352237
617,22,10.35507952510829
618,20,13.768401415579586
619,29,30.28124804557789
620,13,11.107067747863844
621,45,45.98477942542432
622,12,9.154673711120408
623,21,11.728443556550435
624,13,10.597286330222376
625,29,27.45746266831153
626,15,10.622472952046994
627,13,10.254093882494068
628,17,8.131815185337706
629,16,7.081032492461754
630,31,17.53089841231297
631,20,16.310883376214633
632,17,9.859475329039952
633,24,24.282647618046468
634,38,33.586337066751284
635,27,26.727624879176357
636,14,10.957819549923638
637,27,20.589850518500217
638,17,15.471854706664105
639,18,16.779464483734113
640,16,13.030143872027079
641,19,14.551501847873553
642,47,34.811496830556514
643,15,11.76232648276339
644,10,8.649958320970727
645,18,15.964431182869916
646,12,8.856304073570712
647,31,14.708125164103883
648,26,23.078865489025844
649,20,17.64012957706695
650,30,7.766181989015002
651,11,8.624336900490436
652,10,8.502947281191966
653,27,11.212811933035049
654,50,49.7177100882532
655,18,18.90787983512942
656,16,10.897762885102493
657,21,19.94573647849834
658,16,12.528427775042239
659,17,12.082127018091214
660,20,10.006602549318897
661,10,8.36573238052193
662,15,12.486900114695993
663,20,21.68257056096445
664,15,10.189017249409442
665,39,52.35845332671616
666,36,49.13874966589856
667,16,14.047323098294504
668,30,9.665549895360494
669,16,9.057664556375862
670,10,6.365697295675709
671,9,7.341499981583592
672,17,11.092867651942331
673,13,10.665734552647123
674,16,16.17041285356324
675,26,12.942108549723953
676,18,9.026512869994761
677,15,12.58338361456479
678,22,16.94703136816101
679,10,7.655531392463824
680,15,10.289942849653965
681,17,16.880756297949556
682,11,9.350623794816515
683,30,26.637344358744684
684,31,23.291053873041108
685,20,17.424734770914238
686,19,8.016738377801635
687,15,10.549771391938418
688,27,8.627299416648615
689,10,7.75190741163473
690,41,44.43600085003363
691,11,8.084903949348185
692,18,14.53123191702527
693,18,11.752259353478046
694,21,11.025649546013986
695,32,28.484193642235976
696,18,12.13597462049371
697,37,37.753171428745915
698,17,13.10679321287823
699,36,42.925817812501954
700,20,20.7099199281225
701,26,17.594865576037712
702,12,8.603949461181033
703,25,7.830649537309173
704,35,23.46662920029121
705,19,12.04530464566731
706,12,9.164317968244475
707,19,8.249026354013948
708,36,42.44835708262029
709,28,22.87431798194116
710,13,7.979395738880941
711,13,10.460017284337752
712,9,6.909418529420022
713,17,12.847609380953996
714,8,4.614477348332998
715,49,49.84678650156428
716,13,7.488996297709839
717,9,7.108587284233006
718,22,22.10354034526236
719,23,21.559335810195638
720,11,6.403498958216458
721,28,22.386526830021122
722,21,21.847760128677695
723,14,7.175710378177472
724,42,16.41209531607518
725,15,9.448430302889285
726,31,12.814830516117501
727,17,12.735383740974829
728,38,31.335497024166404
729,21,12.923240542425964
730,25,12.94068640450534
731,14,12.254841395323052
732,40,43.5304143817488
733,36,41.97320376293989
734,16,9.694422438307985
735,27,17.26257848370961
736,18,17.654386377228096
737,52,42.12914102271851
738,22,16.004914956188102
739,31,43.628463896968356
740,24,12.878483414113676
741,33,43.107706067369286
742,24,25.36030806238618
743,28,31.427504579533775
744,19,15.487395200404775
745,12,8.394001381869941
746,20,11.041931885655972
747,18,14.629931354453827
748,14,6.632129086391831
749,20,12.762334802534795
750,28,14.901650498691064
751,18,12.814924060988481
752,88,103.18123253897045
753,44,40.828824608286965
754,10,6.800872407689949
755,13,7.401298174537757
756,22,11.930615532806607
757,24,23.953006894874754
758,10,5.490661774665759
759,11,7.114253565080309
760,27,22.877371619453275
761,19,11.501299735351196
762,17,14.08361381880472
763,19,16.702590096437074
764,14,7.91699373871187
765,27,9.005470861295883
766,19,16.338237935713636
767,19,19.024950703980707
768,25,14.494726833997747
769,18,14.587706372847691
770,28,29.2140575247856
771,52,58.10887548179593
772,18,19.497764677803968
773,15,10.172734616313727
774,21,12.8579966251282
775,15,9.7490372019585
776,15,12.197495471769916
777,16,9.68398600322165
778,15,11.695772164101715
779,18,15.66041096008565
780,9,5.723947504054011
781,29,10.179109699141524
782,25,17.012717307477395
783,30,13.757354721297034
784,11,7.154519383162608
785,12,8.604915490756124
786,14,9.918459096088487
787,19,21.334212533845417
788,22,24.474188209700138
789,20,15.505847138671712
790,10,6.021516950702178
791,26,28.801669747549887
792,32,35.3600298320416
793,20,15.177029117298591
794,14,12.933643558626034
795,21,10.472088513935496
796,37,49.61954636575043
797,17,12.043715136515356
798,42,40.931554811979645
799,20,12.989688607480996
800,10,7.080630861702455
801,14,8.687420113547448
802,16,12.306579846345864
803,21,23.57990629133347
804,35,17.724043047281445
805,12,7.267037710017182
806,37,29.73271899800952
807,21,17.724042919971613
808,16,13.708783055828123
809,12,6.77306784451523
810,30,19.382657948178593
811,10,5.803869794816527
812,22,13.303281643868432
813,12,10.334376579528243
814,15,10.040830154541744
815,12,10.533868662092134
816,19,11.652687319676634
817,15,8.24323312811565
818,18,18.17123810754
819,21,18.590221240722308
820,17,15.648410247879687
821,26,5.410550135859504
822,23,23.424214257322195
823,33,7.919656416355266
824,12,10.781487752898716
825,25,17.3404482464675
826,35,23.176696354960757
827,24,9.130276181092134
828,16,9.517741324776772
829,15,10.533568853638245
830,12,9.90801650092703
831,22,17.95814963234969
832,12,8.592695237566291
833,28,24.93336685689448
834,21,18.753786549715844
835,15,7.424572563256796
836,12,8.677749564749378
837,49,30.97766056370944
838,16,10.939599015335146
839,10,5.526829952380219
840,18,11.843227413966352
841,9,7.095075567879837
842,31,8.665921488617826
843,23,10.787565481830113
844,22,20.870847504983278
845,16,12.196078722586076
846,23,15.803004098650463
847,15,11.346333991890276
848,16,12.091656809261815
849,13,11.042645666076012
850,22,17.33639317963637
851,13,11.181687715294457
852,22,14.962878342792093
853,24,16.567336838435395
854,33,22.70578208660026
855,10,8.900323709390184
856,22,9.899212904333865
857,43,47.63993820433758
858,19,18.777634659730438
859,15,8.269407801043561
860,13,10.53720980783595
861,14,11.988815708084951
862,19,11.00223596465273
863,26,23.02182402677449
864,37,19.827215001062054
865,67,94.90805775858081
866,10,7.562253278557638
867,16,13.20148137924339
868,17,6.937778202645106
869,15,13.256513920330356
870,11,7.708227488416573
871,14,12.335691485715927
872,17,15.01034709620474
873,15,12.410661249903445
874,17,17.90452796313032
875,61,94.43018707184197
876,34,24.2211675576837
877,16,13.652177424780419
878,10,5.539458809878691
879,17,14.408932937799445
880,23,19.236977139359926
881,12,10.211186963992368
882,24,27.523748495979735
883,48,36.85866842248723
884,14,9.50974768325316
885,16,14.760287339280636
886,15,7.748485185377028
887,43,19.338919924576523
888,13,11.300979215320705
889,35,48.313549344944725
890,15,11.956355880057282
891,15,10.33514012218227
892,11,9.135239320632435
893,14,12.214796485040106
894,12,7.908551005064298
895,11,9.827918930980834
896,28,24.47226166771781
897,28,12.944451945691002
898,18,17.25485775122961
899,17,12.440593775824356
900,26,10.12496161307224
901,17,8.752396289614115
902,90,169.49021228713562
903,9,6.70073618270425
904,26,18.475526269308347
905,33,36.89396697800234
906,13,8.866652226717338
907,12,8.969575845288244
908,26,17.85626916691232
909,23,15.455691071111135
910,15,14.158680706821954
911,30,37.67772815715229
912,15,13.263788695349609
913,31,33.25525597467573
914,24,10.397812134749032
915,15,11.29410220822341
916,17,12.170192481062479
917,14,4.9288986103125545
918,14,13.543317527213894
919,29,15.495308433083604
920,50,48.46900824915111
921,16,9.336098635615159
922,25,13.911891639108006
923,16,7.368694229127309
924,39,27.445136045170873
925,40,48.389295141729235
926,23,11.229016823584095
927,13,9.155223848144374
928,23,16.822816435979412
929,15,10.831525172274079
930,15,8.479161230165618
931,14,10.16168709994174
932,12,8.86421131069761
933,21,8.926051632827397
934,14,12.614881772442414
935,10,7.52335776730241
936,17,11.133090574212963
937,11,7.507392360842108
938,30,4.880981620165055
939,53,62.154730561367685
940,29,34.24045085376852
941,26,23.095007738256
942,14,10.043578858048265
943,12,8.012447774196854
944,36,13.791159426540071
945,12,8.745931485976142
946,18,17.544798868171686
947,20,11.83157576190526
948,14,10.368698182948329
949,72,122.60884380316865
950,19,18.48630138310749
951,16,11.352028157169249
952,53,58.98519595980518
953,34,15.8755458938118
954,13,9.25252663345683
955,11,7.317922969135148
956,16,10.775944179736296
957,14,7.628895197216671
958,38,20.6549686548652
959,27,30.764254864935932
960,31,12.194576237035388
961,14,9.427017054991934
962,22,23.561494398897747
963,59,99.78453636251882
964,10,6.029592895356858
965,11,7.971872361282785
966,100,123.94493904275416
967,31,30.32586723990328
968,20,19.002616600461046
969,16,10.419312445304241
970,16,10.969680889756873
971,11,8.927398142719742
972,16,11.0170734100956
973,19,13.961111807465207
974,16,11.091117860413071
975,18,14.621395823502532
976,15,8.535348538362534
977,19,19.599627944385706
978,13,9.119825108328998
979,12,7.990862396010228
980,15,12.87747193144275
981,9,6.512978515453629
982,22,22.20214000610001
983,12,9.371346117015147
984,22,13.860046213952474
985,15,11.340377856199428
986,12,9.71807895897892
987,18,14.846849144966683
988,21,12.641916984218215
989,20,8.218732417549836
990,19,17.196508384741172
991,19,10.984329998619437
992,26,15.912271250580465
993,25,17.729202169810748
994,16,10.724596980641197
995,18,13.11717850657202
996,14,8.86062648984319
997,17,10.3968629950773
998,20,9.203627494337821
999,26,31.213193895569223
1000,19,16.466449201204817
1001,19,10.15054135044892
1002,10,8.165591570543059
1003,12,9.489960015137008
1004,18,9.564417734518772
1005,13,9.043349431732258
1006,8,6.315795955945542
1007,10,6.563098215888544
1008,14,13.630626990463085
1009,14,9.813690357297045
1010,9,6.292050206175218
1011,16,13.133330643824449
1012,10,6.194122441036767
1013,57,94.87938927959513
1014,14,10.677575606997772
1015,20,11.941218317084108
1016,12,8.284040474027151
1017,14,7.317988333914577
1018,12,6.050965022941236
1019,23,24.131526189154044
1020,16,11.37944941626651
1021,16,5.210895418663953
1022,17,11.299079093337847
1023,15,12.59969665130858
1024,9,5.845210949110909
1025,22,21.853177384323835
1026,13,9.2043273596768
1027,77,159.44529053262858
1028,21,18.56628562455466
1029,46,22.101644337368004
1030,14,14.175199472687826
1031,16,11.303478412601487
1032,11,7.896259948059995
1033,31,33.603412434403424
1034,15,10.601504231851578
1035,9,5.971286024815679
1036,22,14.86864195329725
1037,19,18.58345423869358
1038,13,9.113437023906021
1039,32,30.80861717235645
1040,23,25.525370282103435
1041,10,6.350317347471743
1042,15,12.464620302551353
1043,12,7.097596585128013
1044,13,8.479937727512983
1045,18,16.12270380737854
1046,11,8.03514519978882
1047,14,12.456675032011605
1048,15,8.967964639537954
1049,23,15.530357951152126
1050,36,29.307058997885253
1051,12,8.534578132877757
1052,23,19.737688555118677
1053,29,13.07651847730142
1054,10,9.16873079239003
1055,10,8.117114960802919
1056,12,7.680792160560086
1057,36,43.577741558570104
1058,11,9.241193007253782
1059,12,8.914004452864392
1060,11,9.042396957719298
1061,21,11.651551410158518
1062,11,7.31085627294323
1063,18,17.104774479027945
1064,68,44.97315945242648
1065,12,12.253200708985851
1066,32,23.28531247735233
1067,23,13.66271133484237
1068,14,9.288260501491383
1069,27,15.538337024564497
1070,48,53.94408220989514
1071,9,7.4851698277165655
1072,20,13.45425491995663
1073,15,10.491802072869094
1074,34,54.52418438096924
1075,22,12.970979057432475
1076,16,16.27146752728769
1077,44,40.25942534014442
1078,20,17.311654233703248
1079,59,101.25469835213423
1080,18,9.183037605556878
1081,27,26.38749219417739
1082,21,10.815087195542288
1083,17,6.902768468961532
1084,17,14.41924802156977
1085,25,19.294009058840476
1086,26,21.17559528430566
1087,19,11.498108469801368
1088,50,73.02671475210245
1089,19,20.81723257554412
1090,31,28.123560292300095
1091,11,8.891087190718483
1092,22,26.267451426670377
1093,14,10.72309161369521
1094,52,49.537411153283784
1095,14,12.610133575376961
1096,16,18.2689950912454
1097,28,24.118846695645484
1098,58,103.82678890275177
1099,22,13.74530926926254
1100,43,30.837072455524066
1101,20,18.29825756076598
1102,31,37.9217693831797
1103,42,37.74346374559891
1104,22,12.924634226738954
1105,27,32.06678678503056
1106,15,11.914915679151363
1107,19,17.69172239297039
1108,15,13.870460441512995
1109,23,19.710603356293117
1110,26,18.208914328505738
1111,19,11.010069669162457
1112,39,47.300577427416805
1113,21,17.92261421763646
1114,15,8.681681244172612
1115,19,19.25332728804059
1116,18,14.037889282216932
1117,31,10.90184453657385
1118,24,16.965929386445886
1119,27,20.852479462558833
1120,35,24.93265342084184
1121,27,11.063176203089892
1122,38,16.204752922947495
1123,12,7.668421471303877
1124,33,41.6340270371652
1125,17,8.820232921758077
1126,10,5.920972578093934
1127,25,21.53174915647311
1128,12,7.019649200038967
1129,24,11.478077271923341
1130,15,8.121048966424663
1131,18,14.063310149228345
1132,16,12.621864945371
1133,13,9.984996328551263
1134,40,44.019525106747324
1135,16,15.19693020797401
1136,13,8.950536826960812
1137,13,10.365103406924916
1138,18,14.954787001887944
1139,38,8.695429684565525
1140,11,8.137727977527444
1141,20,16.315998218817107
1142,10,6.939639401495663
1143,19,9.808276272848728
1144,15,9.913096419388262
1145,8,6.150691295689007
1146,9,7.542710906123666
1147,10,8.3805419546979
1148,25,42.92310392701816
1149,29,45.24366045403103
1150,14,17.314866910415198
1151,17,21.57166850725742
1152,14,17.687340143439403
1153,33,58.9566552085071
1154,24,41.47658092564645
1155,25,42.75261372133535
1156,25,42.77383125780298
1157,24,41.49524307560352
1158,23,39.712600409432206
1159,24,41.35737847424299
1160,25,43.02484917532686
1161,24,41.41365964512661
1162,25,43.019373465907236
1163,24,41.24393008159028
1164,24,41.34711784364535
1165,24,41.206688203868765
1166,24,41.39292824930969
1167,24,41.01274217630745
1168,24,41.413065936246674
1169,24,41.11639081446708
1170,24,41.1877347664058
1171,24,41.36938955458574
1172,23,39.53194517700485
1173,24,42.077615966193186
1174,24,41.44979730347568
1175,24,41.03538350796196
1176,24,41.333441109122965
1177,23,39.666605225155294
1178,24,41.29413646982426
1179,24,41.1669928810884
1180,24,41.407509779412095
1181,24,41.19076680522443
1182,25,43.13325147416182
1183,24,41.30079392495485
1184,24,41.59614756877343
1185,24,41.75363109220176
1186,23,39.87020321102756
1187,24,41.3398396261833
1188,25,42.82673575383323
1189,24,40.98918653545978
1190,23,39.49922953731184
1191,25,43.02858224750667
1192,23,39.79406543154583
1193,25,43.01424750837363
1194,25,42.77527404521611
1195,24,41.4614146431695
1196,25,42.953218120143156
1197,24,41.10950642613982
1198,25,43.08588552716454
1199,24,41.58166027271156
1200,25,43.07845292996297
1201,23,39.68772876331844
1202,23,39.92988148795856
1203,24,41.28025516392799
1204,24,41.555606260871635
1205,24,41.36520837299761
1206,24,41.5027233425967
1207,24,41.45413467840613
1208,24,41.090888650369784
1209,24,41.581213814532916
1210,24,40.952457538373615
1211,24,41.38384491265838
1212,24,41.577487137590786
1213,25,42.970398126244895
1214,24,41.14896153602278
1215,24,41.33740470474793
1216,24,41.169929069607235
1217,24,41.62543918532224
1218,24,41.85533284514126
1219,24,41.28213337936476
1220,25,43.065214169135864
1221,24,41.17617298613716
1222,25,43.14253864008348
1223,24,41.90009347956241
1224,24,41.776473793353865
1225,25,42.78649470890244
1226,24,41.224809004415654
1227,24,41.29344397016979
1228,25,43.15502865426075
1229,24,41.17654977638268
1230,23,39.723749011517455
1231,25,43.275454992563205
1232,25,42.7615406839992
1233,23,40.036878548646825
1234,24,41.80970348827519
1235,24,41.83937408233311
1236,24,41.636164926374825
1237,24,41.50312148153875
1238,24,41.17381515305864
1239,24,41.488806435481024
1240,23,39.82837308404551
1241,25,43.20862679300629
1242,25,43.25244754534601
1243,24,41.035471159438316
1244,25,42.77793871499305
1245,24,41.473883102174
1246,24,41.5168175151785
1247,23,39.74221303053592
1248,24,41.597151830103996
1249,24,41.85320193797191
1250,24,41.76526462372521
1251,24,41.82188770085481
1252,24,41.39353004796692
1253,24,41.526885091769664
1254,25,43.16805307872215
1255,24,41.64752239400358
1256,24,41.44965360602373
1257,24,41.06694625239576
1258,24,41.682518614199665
1259,24,41.45829032934281
1260,24,41.2730502281672
1261,24,41.28278004341837
1262,23,39.861758476984356
1263,24,41.06873158802851
1264,24,41.37337618284002
1265,25,43.16431458372809
1266,24,41.45779990885088
1267,24,41.35786250652608
1268,25,42.76783531459016
1269,24,41.70717576222942
1270,24,41.29362638509243
1271,24,41.52661883093913
1272,23,39.51613226606067
1273,25,43.09861986107988
1274,24,41.65585475138922
1275,24,41.43268423363462
1276,25,42.85974332978885
1277,24,41.127002305972525
1278,23,39.719702614485534
1279,24,41.363655250283834
1280,24,41.9378417367735
1281,23,40.00228541181313
1282,23,39.60476642913071
1283,24,41.263851456683305
1284,23,40.021215882267974
1285,25,42.98401296782196
1286,24,41.61263269159993
1287,25,43.327480284491564
1288,24,41.25448025261214
1289,24,41.170540220792184
1290,24,41.051865935141784
1291,24,41.76734821223351
1292,25,42.98984572532275
1293,21,36.88929489729032
1294,24,41.62148386316139
1295,25,43.16023141802571
1296,24,41.03704890591839
1297,25,42.894627242146676
1298,24,41.14189566187754
1299,23,40.08331255027776
1300,24,41.464641299074756
1301,24,41.270113356067206
1302,23,39.9129788385977
1303,23,39.743144595892204
1304,24,41.2788753263815
1305,24,41.42859016935546
1306,24,41.81726650538462
1307,24,41.352758718698844
1308,24,41.268315399700406
1309,23,39.813454449095666
1310,24,41.34502868482226
1311,24,41.33941997776984
1312,22,38.169685315132625
1313,22,38.112997897490956
1314,21,36.346685793069106
1315,24,41.4564238490304
1316,23,40.37971540730658
1317,24,41.42466392724813
1318,23,39.91780832408471
1319,24,41.25426963644139
1320,24,41.60189461495403
1321,23,39.970581560348485
1322,24,41.67858041099153
1323,23,39.49523884439767
1324,27,45.34477554679017
1325,22,37.96697222757867
1326,24,41.02631659216394
1327,23,39.90870623496267
1328,24,41.52644308389258
1329,21,36.50992660315574
1330,26,44.02545645635363
1331,25,42.690472756229
1332,24,41.64683091403665
1333,24,41.442783941842045
1334,24,41.575541449740996
1335,22,38.780770925112584
1336,22,38.562338307970556
1337,23,39.975426793335686
1338,24,41.23184144489505
1339,22,38.069605361387076
1340,24,40.858633317350076
1341,24,40.935868548079426
1342,24,41.82209620872724
1343,43,75.46977533332152
1344,26,44.72945010527375
1345,25,43.57619861144997
1346,30,53.5573932556781
1347,49,87.34429428996974
1348,100,184.44156807081208
1349,131,226.13330701207036
1350,115,221.7906600367221
1351,105,223.67448322830393
1352,93,204.7482441782167
1353,87,196.5721529435177
1354,85,193.28282584553247
1355,84,190.87947331845447
1356,84,190.37842005192388
1357,85,192.38108901430496
1358,85,193.83733106398896
1359,85,190.45698818209578
1360,87,195.81920830361614
1361,85,191.8292730362736
1362,85,191.62226352432134
1363,85,191.4738138299858
1364,86,193.9977984641151
1365,85,190.57364408497477
1366,85,189.8355803973525
1367,86,193.1995570063084
1368,85,190.11075179756384
1369,85,189.41371744742776
1370,86,193.01144965590467
1371,84,187.00744576718878
1372,84,187.33623606428964
1373,85,190.06837999235833
1374,83,184.7604007995072
1375,84,187.66660525031924
1376,84,187.09957291372547
1377,85,189.49148495225657
1378,84,186.90717892177895
1379,86,192.98644642257835
1380,85,190.20238370560253
1381,86,193.285695778396
1382,86,192.65505211746034
1383,85,187.89196280825743
1384,86,192.30968715127463
1385,87,194.7669149182114
1386,88,197.63877211567052
1387,88,198.02309168037888
1388,87,195.0782048551969
1389,87,194.98200986496937
1390,85,188.98554923108313
1391,87,195.54740330654437
1392,87,195.6576592775894
1393,90,202.75953198692704
1394,92,207.43523536345896
1395,91,205.50832942900607
1396,86,192.159705064666
1397,87,196.17706751157357
1398,90,201.4878807057338
1399,87,195.79745597551081
1400,89,199.6955245794391
1401,90,202.48815871052597
1402,88,198.15542103454604
1403,90,201.86082521862352
1404,92,208.0396748663881
1405,91,204.7841770552659
1406,90,201.37530105236436
1407,89,199.01461608801267
1408,90,201.04380008076456
1409,94,211.79448877813925
1410,93,210.21024746724103
1411,91,206.30060461245716
1412,90,201.02892711441936
1413,93,208.65387345905168
1414,90,202.57752638904577
1415,90,202.39506001358657
1416,90,203.58124524489574
1417,90,203.76072541260513
1418,91,206.36896598550888
1419,88,198.34142372061177
1420,90,204.2608509587353
1421,90,203.62112173123475
1422,89,201.68130871997417
1423,87,196.44318917411135
1424,90,204.13565556074064
1425,90,203.311473578748
1426,92,207.99566139533547
1427,88,198.8125083530359
1428,91,206.49830306045885
1429,92,208.14342390626533
1430,89,201.35118712626473
1431,91,206.07980718522325
1432,92,207.883442200516
1433,90,203.29432431912699
1434,93,211.7354290626009
1435,94,210.4562233382711
1436,93,210.15357803239266
1437,97,214.83658204049112
1438,96,213.4176901388331
1439,94,212.02553811189728
1440,95,214.02536216577107
1441,94,210.7364692388646
1442,95,211.43685722151537
1443,94,212.26955074205227
1444,94,212.8287896718346
1445,96,215.0362454105166
1446,96,215.49379227257285
1447,97,217.9004198088901
1448,98,219.53592485518027
1449,97,217.72466804738616
1450,96,216.1378910960273
1451,98,219.72750767875996
1452,97,218.26274597641898
1453,97,217.06555335953271
1454,97,216.78719702358947
1455,97,216.37008100225935
1456,106,226.50144324642258
1457,106,227.85568224721996
1458,116,236.9834793527627
1459,119,242.5733367043518
1460,109,229.97215527833458
1461,116,238.825224261026
1462,111,233.3862307570684
1463,107,227.71467707385798
1464,115,234.5592276723575
1465,117,238.16525308567483
1466,133,255.25100970184337
1467,199,321.71691631737946
1468,206,329.3350395036074
1469,199,320.96192703840745
1470,232,347.34241119012984
1471,231,354.2885411319408
1472,232,353.2733520741054
1473,444,565.4594142413819
1474,344,459.1598880810863
1475,400,516.762341678814
1476,287,404.8854932062403
1477,292,410.56625739437
1478,294,415.2039524201083
1479,336,458.343830780943
1480,321,445.68577072293374
1481,349,477.2895710612063
1482,373,499.7411725375699
1483,316,446.30148218134417
1484,294,420.63047783566003
1485,353,487.40692240214
1486,329,456.05641614748646
1487,315,460.03099957267744
1488,330,473.39995799196925
1489,255,402.4307599926701
1490,266,412.2557407525995
1491,291,438.78033806121425
1492,281,432.09361289835226
1493,280,431.19896741843775
1494,242,394.5107601558518
1495,245,401.83325720514915
1496,248,404.21238372019974
1497,272,432.51580233494496
1498,259,416.72981133055765
1499,246,401.2069860346111
1500,293,454.1963495549033
1501,289,453.250790348102
1502,263,424.0783406096672
1503,270,421.5746990090762
1504,250,404.79251953430474
1505,248,412.31886404819994
1506,261,421.6707007228754
1507,235,407.1761796574643
1508,239,403.2018700054875
1509,237,409.922536211185
1510,227,403.663968177189
1511,211,389.76133586262875
1512,195,375.4868109315951
1513,218,402.5169664855679
1514,188,368.24351069881936
1515,203,384.7899124410848
1516,211,392.51987012624596
1517,217,397.95584855280026
1518,234,414.9594681175684
1519,247,429.79798765370055
1520,342,523.3733806004241
1521,461,640.6188488693151
1522,272,449.1614610126602
1523,315,494.88620064339125
1524,234,412.5332559665529
1525,289,469.3526009034693
1526,274,452.1782385758539
1527,226,413.11098005105896
1528,270,457.72798105413534
1529,259,455.45553618614395
1530,205,379.6591841359244
1531,295,492.114047695736
1532,197,376.93817493645986
1533,276,491.53548395486786
1534,270,453.7077315716744
1535,55,76.3783132919593
1536,243,431.570604504848
1537,103,129.33512950264858
1538,77,93.39055364905249
1539,63,86.07817682153073
1540,54,78.6106282419455
1541,159,332.2409818178611
1542,168,358.0913153904021
1543,125,264.4954204472951
1544,193,472.51965167996264
1545,168,409.68756957867276
1546,109,217.73543414168165
1547,108,139.9330975846045
1548,338,494.4801522301526
1549,160,357.70182582095225
1550,178,359.90364969581105
1551,193,381.37805514042583
1552,93,66.84945095282703
1553,65,51.20104762066853
1554,228,211.98948930403844
1555,308,482.3837946694107
1556,82,54.80046797864554
1557,74,50.60311969784326
1558,276,485.1826054183105
1559,81,55.86320335771334
1560,90,64.23038699652243
1561,274,527.5190487752426
1562,263,485.8620589915845
1563,169,372.22606541937205
1564,152,326.57292483967075
1565,147,359.5639286852444
1566,152,370.69258296449925
1567,151,381.9456202660469
1568,134,360.78155489030723
1569,129,348.1229727974435
1570,131,344.75418729787623
1571,132,350.40122569660025
1572,129,349.39881852511184
1573,129,337.3611455177768
1574,127,339.6169414804527
1575,126,334.8807133721064
1576,135,358.9553790270105
1577,135,352.174831568646
1578,131,332.02569087542594
1579,127,328.6065325531154
1580,129,326.6057189506577
1581,125,326.1847842175572
1582,129,328.93958971111925
1583,128,342.5465660332168
1584,127,340.7859021651352
1585,127,341.0320859535213
1586,128,334.11224618362553
1587,96,210.65551190658311
1588,130,339.7948244493589
1589,130,341.29771222302736
1590,130,330.8470658166027
1591,141,307.3430635316808
1592,130,331.955829286253
1593,132,342.0569219805084
1594,135,330.6484365641831
1595,130,324.9114123529704
1596,131,285.3932247377389
1597,134,305.7676194096294
1598,137,307.8399711594017
1599,142,316.8526656130522
1600,176,436.0308530445584
1601,166,407.22744191529904
1602,187,448.09547857836884
1603,149,302.20243698484114
1604,191,361.2512157113711
1605,215,403.1559640425717
1606,186,337.7606108170084
1607,244,406.00433191083994
1608,1000,959.0701694629627
1609,786,756.9683341391501
1610,158,128.87124935603512
1611,117,89.2969796554643
1612,117,89.77145973348394
1613,108,81.4573549924747
1614,112,83.9967244440211
1615,111,83.0191959287426
1616,119,91.83682567604806
1617,105,78.35089949408045
1618,99,72.08184342640274
1619,103,75.40402907987385
1620,109,81.47526180538615
1621,94,66.12665716518809
1622,96,68.45708610207626
1623,96,68.78641081286838
1624,80,53.063647596249076
1625,88,60.210202821165446
1626,44,21.56972281936962
1627,78,49.859022341476724
1628,89,61.44462626739617
1629,62,33.24422367103063
1630,39,19.87289401041798
1631,95,67.21550425672474
1632,42,20.776989892449457
1633,70,43.78829034500194
1634,82,55.75514225503251
1635,101,73.55118943768873
1636,100,72.29175499350998
1637,45,26.09307705990188
1638,114,86.77017440050032
1639,103,76.06522292479887
1640,76,50.79569093716279
1641,1000,982.962965754312
1642,1000,994.2337744155682
1643,1000,1044.5102296759783
1644,231,414.84965058708633
1645,431,722.3510813174363
1646,334,600.119715107877
1647,224,460.52256970331706
1648,270,563.2461928623118
1649,212,451.9281234361486
1650,173,404.2243689171724
1651,174,453.37344259191417
1652,163,412.2008022670178
1653,165,461.1645971404864
1654,141,387.99392475381694
1655,144,397.5682027975035
1656,138,379.6586350528897
1657,126,325.10413635010326
1658,141,375.9602415504022
1659,125,324.5824982191019
1660,151,404.7591753880986
1661,137,343.31285524309004
1662,125,317.5351249971326
1663,146,394.6259171521404
1664,147,392.51657329079546
1665,127,307.0014871817876
1666,122,310.8823566972972
1667,127,332.32212607079606
1668,115,279.1185081460207
1669,117,286.5262761508302
1670,119,285.6218019601477
1671,124,302.69999388833764
1672,115,282.1166365910411
1673,115,284.1834053939261
1674,114,275.7505210469967
1675,115,284.5274253992533
1676,115,284.56532535853484
1677,118,301.69849875729153
1678,115,293.64639252062426
1679,117,295.33456351109504
1680,122,278.07349480747473
1681,121,307.9485518194678
1682,120,295.53670886149723
1683,117,292.75326175030375
1684,118,298.28374997990437
1685,119,291.5820750848847
1686,118,271.2194230183899
1687,114,286.8877774222505
1688,113,278.20030130307697
1689,113,283.91494185283227
1690,112,271.66553564394314
1691,116,273.08158885281085
1692,112,267.2980494324488
1693,112,277.694068642158
1694,121,276.6331900490326
1695,112,268.81174215305145
1696,115,278.2263487507674
1697,118,269.3011457946045
1698,123,285.8414333410106
1699,119,295.76341309192424
1700,128,294.1245315759559
1701,115,275.3793361346921
1702,112,269.6404056642084
1703,123,307.90851243052083
1704,114,271.5909326724673
1705,121,304.12054121116677
1706,121,296.1972817438105
1707,120,280.8736009607695
1708,129,300.7803400735677
1709,130,299.0003805485998
1710,131,306.28229283293183
1711,135,310.38681622906375
1712,135,301.5588906423178
1713,135,302.38812804298675
1714,135,306.38385380712515
1715,137,302.69962768700157
1716,138,314.1881509562043
1717,136,308.55785818616215
1718,148,330.12646870415097
1719,143,324.4843921790035
1720,141,319.08770012407064
1721,142,320.1684861875053
1722,148,328.12226286245385
1723,147,333.08107756325455
1724,148,329.3613348791511
1725,146,332.0849120804136
1726,149,338.8105868661061
1727,150,336.1815025819274
1728,149,335.9291911713642
1729,146,330.11954429625615
1730,146,331.91810661723855
1731,143,327.33237484770035
1732,160,381.69382316936026
1733,151,333.38602980617304
1734,144,328.6197512468536
1735,160,392.38295711961496
1736,157,365.1734338630054
1737,155,345.9632704906218
1738,173,397.57318589012516
1739,185,425.55928654336316
1740,178,413.36091553850446
1741,179,408.50157284873137
1742,182,429.09208821560685
1743,181,421.3156912678502
1744,164,379.66837998506986
1745,157,359.84123363769993
1746,166,363.47630760497674
1747,189,437.14833366884335
1748,183,432.22641074184787
1749,180,437.7615237903435
1750,181,410.12414270858886
1751,189,460.06547111534786
1752,183,449.7956373461055
1753,185,442.7802310753572
1754,179,439.3867958553648
1755,173,415.07040739352396
1756,168,428.06693882885
1757,164,380.2432809617116
1758,189,479.0588346525796
1759,145,312.05416144360163
1760,183,425.1647874737714
1761,142,306.50731176267715
1762,142,309.03402719337424
1763,166,396.03492044127705
1764,154,372.6146707021741
1765,162,387.936339332865
1766,150,383.6062269673425
1767,162,410.2944336251358
1768,155,380.16633949109155
1769,154,388.395630393036
1770,148,374.488632630454
1771,148,369.94059310100414
1772,147,369.6147123208241
1773,142,344.35987120366656
1774,145,350.1233464468622
1775,146,377.3499625502608
1776,134,315.56107976224337
1777,149,377.3130449694835
1778,137,325.2707963984829
1779,131,312.2501577869692
1780,144,359.4422637544786
1781,144,359.13799316054815
1782,149,380.7165961840071
1783,140,335.782760817632
1784,142,352.4239207604176
1785,132,309.0304375895335
1786,146,363.93808385217187
1787,146,369.74511198868464
1788,148,366.9403826714969
1789,147,369.5232464644516
1790,144,351.8510507471024
1791,125,288.23058002243744
1792,143,355.653125909787
1793,131,308.43001964493186
1794,146,368.60326276313776
1795,140,338.4879511470222
1796,142,344.5677994167213
1797,131,299.3234139369547
1798,135,313.39428627793706
1799,129,295.7856257843371
1800,150,383.86960180809956
1801,149,369.54257870793646
1802,142,352.9923757747846
1803,127,289.9923740653398
1804,128,295.23651408112704
1805,131,306.73841678296026
1806,129,303.15253020545265
1807,142,353.0722250078772
1808,148,378.80591427488145
1809,130,301.8700818228453
1810,128,290.8859427729188
1811,128,293.9629007439073
1812,140,349.87549383087355
1813,128,309.53270301208045
1814,128,297.9094940750815
1815,127,299.79609399481103
1816,126,293.51695784953466
1817,134,328.694757050334
1818,141,340.9040767757852
1819,125,286.6493841677392
1820,128,307.4702178624795
1821,140,338.55655252953
1822,124,290.9276477629752
1823,119,271.62963262123606
1824,122,293.9773459561478
1825,116,264.024414868563
1826,118,268.20032777935154
1827,117,261.80561592169903
1828,122,280.03089009810293
1829,118,275.03594368417674
1830,119,261.55342051737233
1831,121,295.26834140643666
1832,117,264.4828964842886
1833,118,262.8767805592875
1834,120,269.83140042346594
1835,125,282.05127483047755
1836,119,269.14880583798276
1837,111,234.09590312090174
1838,124,301.62117237841926
1839,116,253.32136143210337
1840,125,291.526739216621
1841,123,286.58783252000694
1842,119,263.7704785151195
1843,121,304.1194329275818
1844,122,283.8503390078613
1845,127,301.36299235665507
1846,122,280.86367838198424
1847,138,333.4090518251211
1848,125,296.0198329681805
1849,126,308.17175151970736
1850,127,296.47126079959537
1851,138,331.33877943099924
1852,143,343.94248650767923
1853,127,293.80599705237637
1854,141,319.3956835854188
1855,138,314.17878833482297
1856,178,402.61493714678187
1857,130,290.51361653534593
1858,145,330.3257556417948
1859,131,296.7796877409485
1860,140,321.5663946865501
1861,139,307.61960941046266
1862,171,414.24521279705556
1863,140,311.98342420370386
1864,145,341.1963634336063
1865,151,334.30850451704094
1866,144,365.32785040564806
1867,151,335.26231754544483
1868,146,323.5755644009278
1869,146,328.3687679341566
1870,177,417.34666807354154
1871,155,336.0044096499156
1872,190,387.11420651932104
1873,152,340.1119664082758
1874,206,434.62397612830176
1875,227,502.8544821720301
1876,755,1029.5539033163557
1877,162,337.1113897465253
1878,237,518.5211536536326
1879,216,396.0387976608877
1880,266,601.4127891934102
1881,299,647.8189945755687
1882,267,581.5097099631028
1883,257,549.6140539544554
1884,201,446.88644452971306
1885,231,497.261693763499
1886,239,509.61263142095606
1887,243,574.0967409115691
1888,284,571.7166637950662
1889,286,621.7012707143655
1890,225,500.36396863594894
1891,253,633.3901242652734
1892,250,558.2300008128152
1893,184,457.84692084540967
1894,172,428.99385221197815
1895,244,582.9830840532828
1896,185,441.35539755674154
1897,235,585.8284462980566
1898,222,570.6874313515085
1899,179,433.1659312936628
1900,476,806.6685021729731
1901,177,441.4306819429517
1902,204,472.26083846429026
1903,215,512.6369397155744
1904,186,480.781098073204
1905,192,474.0347713786834
1906,191,464.56930680828714
1907,205,514.3259598676046
1908,183,442.8570643511106
1909,239,571.6174463152521
1910,199,470.1830771052132
1911,187,469.1733192731971
1912,189,469.1127584946902
1913,331,714.4171003936927
1914,217,511.402944210738
1915,189,469.36800771327125
1916,283,637.2420742413055
1917,233,538.1685645653445
1918,271,670.3426976308324
1919,262,625.4088028830483
1920,182,484.78141644982753
1921,235,554.6377399262543
1922,185,460.89798566833247
1923,184,497.923282610621
1924,171,477.6724683501357
1925,190,499.9461674723426
1926,237,600.587173957617
1927,243,642.9524989239794
1928,238,621.4307166691732
1929,283,758.8933488269482
1930,205,573.4728107813843
1931,212,603.8337570875456
1932,210,586.1935236137472
1933,208,600.5018782186412
1934,196,540.4159158397042
1935,177,473.72279834806466
1936,186,563.0392170618169
1937,167,463.48156302226727
1938,185,546.0320774918022
1939,167,439.49820362356763
1940,180,491.37676509007014
1941,171,483.9131716497491
1942,190,543.7542397961773
1943,166,545.1189960540004
1944,172,555.53566324941
1945,173,519.4804672095084
1946,239,634.5886225610403
1947,177,554.8685455765409
1948,235,613.4719803038023
1949,251,676.7528589668633
1950,184,494.22433017488595
1951,253,708.7069644186247
1952,258,715.7553781105066
1953,178,483.43849513239286
1954,185,538.0931302631966
1955,195,549.2665045468733
1956,244,674.2851610761554
1957,223,641.2636511264936
1958,266,731.3833333697935
1959,263,687.7597493503293
1960,174,566.3830866228894
1961,283,782.1908041529183
1962,278,748.62283309351
1963,250,612.5899625071937
1964,299,791.0818838863748
1965,295,738.6177510414628
1966,334,828.9509952763433
1967,265,593.4540901326174
1968,288,770.3340551035499
1969,350,889.8204248292208
1970,480,1188.6359929767198
1971,344,853.404792003316
1972,298,702.3573069156181
1973,320,796.4340431080354
1974,327,845.8873003881062
1975,410,968.9926965735353
1976,466,1035.963648736141
1977,480,1123.401320650924
1978,526,1216.7639869549253
1979,661,1399.0902713136024
1980,480,1186.5276959476494
1981,374,896.5305159160906
1982,640,1475.953398984206
1983,575,1321.930779795169
1984,464,1058.9699040228456
1985,595,1408.2154415866457
1986,441,1219.5407517572146
1987,810,1894.335853379557
1988,457,1281.6821665961465
1989,828,2124.8496188099357
1990,361,961.5279868987838
1991,1000,2385.6519044505335
1992,286,846.7116040626439
1993,321,894.1913956625236
1994,473,1259.9579090477923
1995,580,1469.7693973920689
1996,278,676.6079603867752
1997,726,1572.266518116846
1998,822,1542.7588759988305
1999,327,759.3883051027437
2000,1000,1813.241608451181
2001,1000,1781.2803963938666
2002,643,1346.8482553850627
2003,1000,1988.0098929663232
2004,1000,1613.1273872961146
2005,1000,1821.4967792183363
2006,276,663.7226878645656
2007,367,909.2183182248397
2008,264,630.7299126404702
2009,269,671.7738236644511
2010,716,1564.1873963966011
2011,1000,2081.4632691612087
2012,417,1005.9765564169618
2013,831,2039.9730645530442
2014,1000,2231.6810182570416
2015,1000,2152.1199243612223
2016,467,1117.8029464623398
2017,318,884.3612503819307
2018,1000,2356.4504509128624
2019,699,1604.3213083929372
2020,295,886.7033687434551
2021,507,1277.6945187525343
2022,372,923.7647925419408
2023,345,883.3045684732566
2024,399,1022.1973009277432
2025,663,1546.244450083421
2026,356,873.4265254207605
2027,602,1503.027499210208
2028,787,1899.315121467575
2029,1000,2479.620740317716
2030,1000,2174.6492688879566
2031,1000,2410.8737452601135
2032,1000,2320.251585412834
2033,1000,2237.7253976087713
2034,1000,2432.988259546168
2035,1000,2187.2970321560856
2036,814,2029.9405355224874
2037,471,1273.8193650986207
2038,1000,2332.2229359551006
2039,1000,2211.4199942171526
2040,1000,2386.489613149324
2041,1000,2269.411006665904
2042,1000,2188.674631003314
2043,1000,2336.9629152815814
2044,660,1567.600734970124
2045,886,2293.756321522495
2046,414,1136.2184183523586
2047,1000,2618.0426699003815
2048,1000,2562.791015878283
2049,672,1778.6715983353556
2050,1000,2576.1740953908798
2051,628,1792.8263011305003
2052,536,1583.4566403614597
2053,1000,2575.7123697938487
2054,1000,2340.9059218140474
2055,371,1024.7018888693528
2056,1000,2427.2603014711603
2057,1000,2193.25184764198
2058,1000,2180.9636216860354
2059,1000,2347.097878054903
2060,1000,2153.4180780466845
2061,124,237.80742388081492
2062,1000,1993.9923468675959
2063,1000,2040.0029007241353
2064,1000,2051.4049420471233
2065,1000,2019.0023209544152
2066,1000,2100.161233446902
2067,1000,2095.6010444233707
2068,1000,2086.0120518108406
2069,1000,2092.378448139655
2070,1000,2165.8057366144185
2071,1000,2134.5501443265453
2072,1000,2301.5975098944496
2073,1000,2339.8157599988886
2074,918,2200.319486754143
2075,639,1478.434733150994
2076,1000,2260.1852507376097
2077,1000,2199.5163962741954
2078,1000,2278.8828428312913
2079,1000,2276.774753506538
2080,1000,2244.2464825911206
2081,641,1524.7336333948003
2082,1000,2180.8485074514197
2083,1000,2273.072804922859
2084,686,1630.9630468719997
2085,628,1559.3027439570467
2086,1000,2208.733769982216
2087,1000,2335.5933228420545
2088,790,1854.6923692200091
2089,1000,2411.2195630393594
2090,299,696.0997549693859
2091,693,1662.9468472907968
2092,267,707.9613107113635
2093,1000,2330.5656614688514
2094,198,432.2328239149687
2095,1000,2425.507849028474
2096,391,1055.2309560560927
2097,127,236.3522274891417
2098,1000,2520.2755757153896
2099,142,281.8510944571175
2100,694,1717.1204896975726
2101,792,2002.9104428546327
2102,670,1650.7297425555346
2103,833,2075.4422152254574
2104,554,1492.6550551119724
2105,495,1224.76878880948
2106,588,1544.8903361184625
2107,578,1468.8583112379745
2108,416,1138.794139029022
2109,1000,2429.1829529352094
2110,1000,2473.8209589473668
2111,536,1269.2981111705653
2112,1000,2499.7378357445637
2113,514,1318.68822335869
2114,515,1304.752280842801
2115,560,1415.502343012205
2116,498,1246.7226595516831
2117,1000,2409.6136657141965
2118,432,1090.5240867540779
2119,1000,2453.9668854307943
2120,704,1748.5711880317506
2121,128,247.70508912131754
2122,511,1290.5725037562397
2123,661,1628.0424335565403
2124,922,2243.1128440915013
2125,1000,2488.4197581858616
2126,667,1711.1295283171917
2127,641,1627.5235131869752
2128,1000,2439.690397506963
2129,911,2355.9245520848544
2130,1000,2492.883645566347
2131,124,230.8489476485279
2132,692,1686.8926938188408
2133,253,533.2525774321125
2134,123,225.04345325146423
2135,218,463.4232188823384
2136,125,234.3838849304919
2137,703,1695.172312510639
2138,250,523.7812414758791
2139,362,829.3960969720076
2140,125,234.08486059592533
2141,574,1330.1674447972327
2142,236,489.4925808076994
2143,710,1650.3806878441853
2144,126,234.79058244668477
2145,255,540.9339822223664
2146,605,1388.2151330387392
2147,247,529.8527880999738
2148,124,231.44362697702937
2149,1000,2439.8517703488255
2150,256,532.387787963121
2151,126,231.36502920654797
2152,1000,2428.4223847515977
2153,125,232.79269290645252
2154,1000,2488.819944247761
2155,242,502.0042487322303
2156,126,236.802659440167
2157,241,496.2472669308009
2158,241,513.7301873492911
2159,834,1973.0921223942266
2160,1000,2359.508411487666
2161,722,1819.3009313211785
2162,1000,2461.1339766167753
2163,1000,2435.795500319381
2164,1000,2503.8606659992615
2165,1000,2435.1244295470738
2166,1000,2545.047051808377
2167,773,2012.5980571402038
2168,1000,2558.811158690798
2169,564,1441.7505110409163
2170,256,541.1700635937403
2171,898,2364.7543867148665
2172,128,241.76443205292227
2173,711,1763.658994228243
2174,1000,2554.8772173720313
2175,1000,2547.7615689840623
2176,1000,2490.891448412215
2177,1000,2469.147816695041
2178,128,241.99470191426852
2179,123,234.75919467672495
2180,1000,2544.395380441345
2181,916,2337.6125519458224
2182,121,223.0959058827383
2183,121,220.46379673874395
2184,127,237.11804076897445
2185,122,226.08166917391605
2186,124,234.40723848781022
2187,126,242.33067510260523
2188,126,239.95151089917235
2189,125,239.72927649629318
2190,121,225.32296504876868
2191,1000,2484.0978032312582
2192,125,238.71921332029908
2193,129,248.95357853250763
2194,128,246.9180477198755
2195,130,256.4738524679293
2196,125,246.68801268329418
2197,611,1536.2680121349845
2198,129,245.3057527096912
2199,125,232.48521562471237
2200,128,243.27423259065688
2201,124,234.67238019851413
2202,1000,2489.4077999936376
2203,127,242.04056011929526
2204,122,230.41192870162106
2205,127,244.13537560073405
2206,124,236.38462722157212
2207,124,237.84952578637007
2208,126,241.37978228663098
2209,1000,2504.6223690793167
2210,124,237.80867786007968
2211,125,238.74692349921017
2212,1000,2668.8861634965383
2213,1000,2418.7250369641633
2214,1000,2512.364801300085
2215,1000,2380.8740548219594
2216,131,249.63676743199736
2217,991,2364.5955228899224
2218,125,235.31413761715237
2219,1000,2219.87162299091
2220,1000,2405.408349912656
2221,401,972.0819957540572
2222,382,924.8156928171991
2223,510,1396.6310000897479
2224,767,1952.992391772832
2225,1000,2526.110327550028
2226,699,1480.3009454965952
2227,381,1091.768159680533
2228,366,1037.614917749671
2229,724,1872.7839238672589
2230,329,726.895988287171
2231,1000,2718.040756107054
2232,408,1100.089590989188
2233,738,2006.852699192056
2234,518,1246.3349403159646
2235,1000,2433.6228611507186
2236,1000,2526.1811088655354
2237,354,1031.6136456472702
2238,327,952.6222453523218
2239,721,1769.5376466299133
2240,1000,2404.777154546392
2241,1000,2399.9293641079457
2242,1000,2579.4354271825327
2243,1000,2445.883404003698
2244,1000,2346.4507175426957
2245,1000,2387.8389763659884
2246,1000,2496.5433367799296
2247,1000,2458.427702511644
2248,1000,2327.9866280266815
2249,1000,2404.0878630508446
2250,1000,2409.1601747726513
2251,1000,2285.031458993065
2252,231,660.0670788298539
2253,1000,2312.3109929435204
2254,1000,2277.5292696940696
2255,1000,2405.2645777325256
2256,1000,2345.735382604303
2257,1000,2360.521209349144
2258,1000,2569.222177354286
2259,1000,2327.0801566707455
2260,1000,2310.119739966578
2261,1000,2324.4357454677283
2262,1000,2331.287850693315
2263,1000,2519.7520329991153
2264,1000,2230.8043583465383
2265,1000,2363.858781135951
2266,1000,2341.218523240027
2267,1000,2244.966151045225
2268,1000,2330.4887477364823
2269,1000,2411.347979388506
2270,1000,2581.1690963636825
2271,1000,2267.2719610456065
2272,1000,2334.421456442243
2273,1000,2435.132807399481
2274,1000,2377.128830091366
2275,1000,2461.43056844448
2276,1000,2034.9319425922515
2277,664,1670.7740282732166
2278,1000,2107.0256153629693
2279,1000,2421.56346876654
2280,1000,2396.270544748535
2281,1000,2098.87878794806
2282,1000,2470.9196782507374
2283,1000,2441.3973064435695
2284,1000,1998.20420826303
2285,1000,2184.3355148193664
2286,1000,2384.7322245617975
2287,1000,2023.5703337170935
2288,1000,2265.1086309413936
2289,1000,2218.6912790590495
2290,1000,2139.2984817799743
2291,1000,2123.4833320174002
2292,1000,2304.7114024855923
2293,347,1003.6323037314314
2294,432,1242.4875418392835
2295,1000,2110.3650415352295
2296,1000,2311.3239793575103
2297,1000,2397.980643773224
2298,1000,2613.3314455358263
2299,1000,2161.5190817727357
2300,1000,2535.9029735796403
2301,1000,2181.727467196933
2302,1000,2410.735368447958
2303,1000,2698.31057121514
2304,427,1279.5187296920733
2305,501,1406.1284487217429
2306,1000,2476.042449672406
2307,1000,2552.376285422575
2308,1000,2498.595141211024
2309,1000,2305.777470080065
2310,1000,2346.7068057924116
2311,1000,2579.2157016439282
2312,1000,2083.7029153702024
2313,1000,2299.761951739954
2314,1000,2255.2525249602477
2315,1000,2312.013434277688
2316,1000,2384.5018118583753
2317,1000,2806.220514621028
2318,1000,2294.230991763334
2319,1000,2131.6794466557744
2320,586,1685.1077507442176
2321,1000,2235.9703329038675
2322,1000,2537.3639270211515
2323,1000,2352.2075527325637
2324,1000,2551.2997264377586
2325,1000,2343.6584541287552
2326,1000,2374.937570771918
2327,1000,2475.582990598197
2328,1000,2580.576092217662
2329,1000,2481.726545616603
2330,1000,2696.2112458142124
2331,1000,2447.550827515232
2332,1000,2484.250254835222
2333,328,983.9203719301038
2334,1000,2570.49034887859
2335,328,959.5639288996612
2336,1000,2561.8809577522884
2337,1000,2564.2244286925834
2338,667,1824.376740635883
2339,1000,2637.067439577609
2340,1000,2769.7835398362736
2341,1000,2598.1478011605873
2342,1000,2766.2716908018315
2343,1000,2550.7690405100425
2344,1000,2526.1999767405136
2345,1000,2711.692175651767
2346,1000,2602.7912308596174
2347,1000,2552.774177441232
2348,1000,2631.716767374624
2349,1000,2823.457616389987
2350,1000,2615.4096462454618
2351,1000,2509.0096363445928
2352,712,2005.2323539139027
2353,1000,2538.736063780093
2354,1000,2611.894524535938
2355,1000,2547.202020353231
2356,1000,2597.669549597697
2357,1000,2607.783036411445
2358,1000,2672.0872237558224
2359,563,1804.1503511134017
2360,1000,2845.532805898033
2361,1000,2634.760627750591
2362,1000,2620.8260119642705
2363,1000,2742.907573007002
2364,1000,2699.206490074051
2365,1000,2557.9904208419416
2366,1000,2645.8328924896123
2367,1000,2783.0572356257408
2368,1000,2653.6218169308077
2369,630,1803.1538138563963
2370,1000,2648.0198690544207
2371,1000,2523.1561930732632
2372,1000,2613.7205339343095
2373,1000,2665.044503410648
2374,1000,2597.740842881833
2375,510,1288.2037466610052
2376,1000,2631.668497277959
2377,1000,2493.306580489282
2378,1000,2523.5197064238937
2379,1000,2503.194008027566
2380,1000,2462.3836039032476
2381,1000,2537.1440759864554
2382,751,2008.327672758504
2383,1000,2569.5608200257248
2384,1000,2596.682917289411
2385,539,1408.468010619733
2386,1000,2558.901720390485
2387,415,1025.2241326845754
2388,1000,2628.6710970700683
2389,1000,2432.498656666781
2390,1000,2461.5075673828646
2391,712,1851.395816458036
2392,1000,2602.7121468216446
2393,1000,2463.931970263649
2394,1000,2517.1838637170117
2395,1000,2548.0355788561956
2396,1000,2545.95733505604
2397,1000,2471.7022780336297
2398,1000,2399.482754539337
2399,1000,2421.0673380392673
2400,612,1585.2332060519661
2401,431,1065.1184010000104
2402,497,1328.0028895815828
2403,1000,2383.1151355242823
2404,1000,2378.2109504130576
2405,1000,2316.1529648031647
2406,1000,2406.9095182821648
2407,1000,2407.3681885196024
2408,1000,2463.325116646451
2409,1000,2420.6002750899097
2410,1000,2441.117301198002
2411,1000,2451.5537296740863
2412,1000,2426.453830114349
2413,460,1208.2859509016737
2414,976,2443.0350103194983
2415,303,777.4939201747308
2416,645,1667.9752557757672
2417,691,1905.5806257354727
2418,514,1246.0877516345297
2419,459,1227.9678061249724
2420,866,2245.140100729146
2421,1000,2603.189974339508
2422,1000,2521.8503435232396
2423,641,1662.8825736740457
2424,1000,2490.6858539195828
2425,1000,2490.8347711599495
2426,1000,2492.6077498286536
2427,1000,2489.644247400143
2428,298,708.803904261284
2429,1000,2501.8516735247204
2430,1000,2614.5700000635434
2431,1000,2599.418297487242
2432,1000,2701.3324936233266
2433,1000,2589.7867999406417
2434,1000,2646.967436671666
2435,1000,2598.9364480923964
2436,1000,2599.0210905639296
2437,1000,2622.3841397211568
2438,1000,2453.194832908404
2439,1000,2582.5413208653067
2440,1000,2603.97224300978
2441,1000,2586.112731911943
2442,1000,2614.638349995991
2443,1000,2530.540324801314
2444,861,2216.414956541591
2445,1000,2612.377570831132
2446,1000,2570.08030371139
2447,1000,2486.5971271739436
2448,663,1902.7311600038595
2449,1000,2643.8251177840343
2450,1000,2804.6472502951674
2451,1000,2830.7542540082554
2452,1000,2718.8259562640515
2453,1000,2777.2734548696762
2454,1000,2717.5210118143273
2455,1000,2819.394236091307
2456,1000,2761.85231543194
2457,1000,2678.4405637623663
2458,1000,2759.640787517599
2459,616,1842.7650077224332
2460,1000,2669.846079654818
2461,1000,2812.8844823846052
2462,513,1525.8495565737778
2463,1000,2749.738521487508
2464,1000,2732.327396780269
2465,1000,2757.5078719410935
2466,1000,2831.0334481531036
2467,1000,2787.2057216165163
2468,1000,2748.1333346866018
2469,1000,2648.576192887607
2470,1000,2587.079614877929
2471,1000,2779.6884178855007
2472,1000,2854.3496776455445
2473,1000,2819.1538975180906
2474,1000,2772.220836617251
2475,1000,2827.320999325784
2476,1000,2693.79940302866
2477,1000,2717.0533201723165
2478,1000,2935.993414561697
2479,1000,2812.7545577175197
2480,1000,2708.4637887769704
2481,615,1765.891919084249
2482,1000,2759.8882764459177
2483,1000,2737.0557127598277
2484,718,2147.0227114157
2485,964,2750.0812105763703
2486,1000,2897.3535667622286
2487,543,1603.8423047426732
2488,1000,2906.8061583556023
2489,852,2465.230484538717
2490,1000,2850.025119017885
2491,1000,2839.260156844353
2492,1000,2861.2541891641063
2493,1000,2952.3043204802916
2494,1000,2802.5700413484324
2495,1000,2825.125045590299
2496,1000,2884.847965384165
2497,1000,2934.6722469413876
2498,977,2805.449181296717
2499,1000,2892.309386835156
2500,1000,2751.3019833675758
2501,1000,2853.7076308983187
2502,1000,2805.324295029269
2503,1000,2702.089355219608
2504,1000,2658.990842721233
2505,1000,2754.820450324382
2506,1000,2838.126540470185
2507,1000,2806.128501399496
2508,1000,2775.7986288312322
2509,1000,2811.103729539916
2510,1000,2768.6840846777245
2511,1000,2670.702088111438
2512,1000,2566.523328152196
2513,502,1440.7049836823915
2514,1000,2704.555480934176
2515,1000,2805.953352191692
2516,1000,2809.9262328019936
2517,1000,2728.8077632760023
2518,1000,2838.648308804388
2519,1000,2811.3011165333146
2520,1000,2851.2398916849397
2521,449,1286.7758898210816
2522,1000,2596.3571876277542
2523,1000,2801.857265752866
2524,1000,2732.3879161706427
2525,1000,2789.3491422622933
2526,1000,2841.682624165549
2527,1000,2856.067908700392
2528,1000,2757.0233136252155
2529,1000,2653.1093417649063
2530,695,1993.0518466536919
2531,1000,2597.914239391882
2532,1000,2722.6777872880893
2533,1000,2717.757054506853
2534,1000,2588.375110864571
2535,1000,2812.5714828598943
2536,1000,2702.318360822345
2537,1000,2691.9573091491443
2538,1000,2622.9152378982635
2539,1000,2725.4402329718723
2540,1000,2671.128979512373
2541,1000,2816.4046164656893
2542,1000,2826.164174383686
2543,1000,2614.2802578003225
2544,976,2779.4245568964507
2545,1000,2696.8728734881406
2546,1000,2715.761758217843
2547,1000,2703.991484428683
2548,1000,2569.3912668810026
2549,1000,2903.878172649359
2550,1000,2737.8451444007833
2551,1000,2632.0189482574333
2552,1000,2697.468944686414
2553,1000,2751.5131241733693
2554,1000,2705.5134432849504
2555,765,2278.355964232093
2556,497,1455.203982901132
2557,1000,2721.9290190440865
2558,1000,2784.6660781790247
2559,1000,2706.251696547066
2560,1000,2538.767684699132
2561,1000,2754.0914788272758
2562,1000,2627.9166390745095
2563,1000,2591.9948583013
2564,1000,2621.77204831738
2565,440,1282.3002417339685
2566,1000,2644.9648465601595
2567,1000,2594.3568233965307
2568,1000,2791.526395994782
2569,349,825.1709625025128
2570,351,839.06001373073
2571,1000,2555.9650266627214
2572,1000,2590.4290133153213
2573,1000,2502.7518046009736
2574,1000,2734.646418362441
2575,1000,2677.6872841781988
2576,1000,2859.484384140324
2577,1000,2782.6994719061718
2578,1000,2705.2949160853577
2579,1000,2694.026555459225
2580,1000,2806.9755022271697
2581,1000,2797.934468475527
2582,1000,2746.7575464420856
2583,1000,2843.9431396048553
2584,1000,2598.722185206333
2585,1000,2424.8126431581804
2586,1000,2681.4759487580973
2587,1000,2776.5192463787016
2588,970,2805.878053304123
2589,1000,2653.686468721033
2590,1000,2763.6939533219083
2591,562,1661.5605228949105
2592,1000,2777.637131979074
2593,1000,2727.4336581943003
2594,1000,2642.9539808028253
2595,1000,2863.4698264506487
2596,1000,2667.7596032381084
2597,1000,2698.1850537364694
2598,1000,2677.2638441480503
2599,1000,2727.8888613212066
2600,1000,2650.0675611479883
2601,1000,2609.324488550858
2602,1000,2736.906906352073
2603,1000,2669.78282324855
2604,1000,2763.475883111033
2605,1000,2712.139752613031
2606,890,2540.5126411802917
2607,1000,2935.5744433451823
2608,1000,2906.981533687008
2609,709,2189.870236608559
2610,1000,2789.5893209341248
2611,1000,2948.7119055743833
2612,1000,2818.706335437456
2613,1000,2829.054012328624
2614,1000,2967.8539000585383
2615,1000,2801.2686160678636
2616,727,2231.987562595069
2617,1000,2939.9461821269047
2618,619,1931.4581563988995
2619,1000,2882.266579429917
2620,973,2787.668264775826
2621,1000,2836.0274931493173
2622,1000,2945.103582316574
2623,1000,3022.6714309092695
2624,1000,2980.3443506383383
2625,1000,2800.5004578865733
2626,1000,2994.910527927245
2627,1000,3044.0006350913377
2628,1000,2877.8452885174393
2629,1000,2818.5117365821216
2630,1000,2898.3257489486173
2631,1000,3014.8627228352534
2632,1000,3027.2186768688484
2633,1000,3037.0118796389825
2634,1000,2880.7213511531263
2635,1000,3015.47490931014
2636,1000,2700.7225802536477
2637,1000,2996.5231581511216
2638,1000,2991.4140207333867
2639,1000,3012.959880528769
2640,1000,3087.1128723688025
2641,1000,2945.441579933072
2642,815,2520.1223202222377
2643,1000,2905.5862075953924
2644,1000,2921.5113967353823
2645,1000,2948.2035193485476
2646,1000,2892.4971034392543
2647,1000,2960.1113508695407
2648,1000,2917.399465622862
2649,1000,3044.3735189939885
2650,1000,2823.374920535341
2651,1000,2865.098602516927
2652,591,1789.7683859655244
2653,1000,2998.379018445152
2654,474,1410.6884892217174
2655,1000,2862.8576584753637
2656,1000,2853.3636497178322
2657,1000,2924.754265804379
2658,893,2564.5587831579837
2659,1000,2837.832658737398
2660,1000,2939.3689508866746
2661,1000,3018.5971804400124
2662,1000,2869.4591001742606
2663,1000,2933.3679716594716
2664,1000,3098.1242158818077
2665,1000,2961.446350927478
2666,779,2410.8344120145352
2667,1000,3052.019851807461
2668,1000,3075.9771081119598
2669,626,1933.54393608342
2670,1000,2965.5515325388187
2671,1000,2932.627782057122
2672,1000,2987.2377827303862
2673,585,1786.969530091836
2674,1000,3101.107147856194
2675,1000,3029.4336634255064
2676,1000,2901.1400891373078
2677,1000,3048.9493836919273
2678,667,1911.5187177813855
2679,1000,2864.562717987404
2680,1000,2841.384286405639
2681,1000,2801.9994262621526
2682,1000,3097.5865103644624
2683,577,1758.6020974500282
2684,1000,3104.46735823135
2685,1000,2956.082589927529
2686,962,3060.863300148006
2687,1000,3045.385953660121
2688,1000,2925.9462918772642
2689,1000,2963.7814692663183
2690,1000,3021.903283509008
2691,1000,2955.452877744923
2692,1000,2901.7629278227587
2693,1000,2922.6727836871864
2694,1000,3072.3705323385175
2695,1000,2801.5662992889634
2696,1000,2985.1312346432164
2697,1000,2941.854700706469
2698,1000,2884.2297753561606
2699,1000,2834.0639390884958
2700,1000,2783.4872584484224
2701,1000,2926.5671761629947
2702,1000,2978.4928308387007
2703,1000,2940.726644556824
2704,900,2760.675912969706
2705,1000,2848.234368186302
2706,1000,2929.6508696962333
2707,978,2951.768915855104
2708,1000,2879.7306813209934
2709,1000,2906.5801868520807
2710,488,1438.1146506211692
2711,947,2796.3730459995545
2712,617,1788.7873577752375
2713,1000,2891.353458066823
2714,1000,2821.721686369233
2715,462,1285.6238807433729
2716,994,2991.3735962727665
2717,409,1202.106921131331
2718,1000,2892.0134479815333
2719,792,2364.154444626747
2720,1000,2954.120923278977
2721,1000,2893.5062185256456
2722,929,2847.8668551215824
2723,1000,2900.727063820274
2724,1000,2938.4599937822536
2725,1000,2949.198365195473
2726,1000,2893.784186561768
2727,1000,2880.9348121008125
2728,1000,2869.1810037265955
2729,1000,2756.3178239223294
2730,1000,2863.012687602968
2731,1000,2897.1908587595376
2732,1000,2871.1952242238017
2733,1000,3002.041408996284
2734,1000,2902.062463730329
2735,1000,2903.4031756221293
2736,1000,2884.0360099798054
2737,1000,2860.3407579702553
2738,1000,2844.135672681542
2739,1000,2763.9714716799426
2740,1000,2884.4016671349755
2741,1000,2926.6616507619437
2742,1000,2836.291720132927
2743,1000,2852.3198632286335
2744,1000,2847.5849680098954
2745,1000,2903.5758336578992
2746,1000,2876.965474736732
2747,1000,2850.571864288218
2748,652,1993.0377137805347
2749,1000,2937.1046794934673
2750,424,1243.693293866005
2751,1000,2999.1916303038165
2752,1000,2811.2680577461383
2753,1000,2865.730813016758
2754,1000,2853.26719346636
2755,1000,2934.555712829624
2756,1000,2756.471542189975
2757,1000,2769.6409101288623
2758,1000,2887.244263657815
2759,1000,2873.256480393456
2760,1000,2863.881284010848
2761,1000,2904.4844319408217
2762,1000,2958.4394754740974
2763,1000,2874.147360193349
2764,813,2425.354701303659
2765,547,1680.9598208944758
2766,1000,2943.3400814187703
2767,1000,2861.0606490924692
2768,994,2990.250360466886
2769,1000,2799.944592177123
2770,424,1280.1065790707503
2771,1000,2958.2568985771168
2772,1000,2966.9688653266276
2773,1000,2916.890431427095
2774,1000,2852.1407991153123
2775,1000,2797.418818277606
2776,1000,2877.8349150059753
2777,1000,2843.753502949914
2778,1000,2798.30069355368
2779,504,1516.5937735895345
2780,1000,2750.260613363016
2781,1000,2905.0046204974833
2782,1000,2924.8927946857007
2783,1000,2867.7124566180764
2784,577,1727.8057849283648
2785,1000,2965.3539377497004
2786,1000,2796.5260654311455
2787,1000,2847.805711127852
2788,1000,2924.8762781942482
2789,1000,2763.7673557557073
2790,1000,3023.3596552209306
2791,1000,2956.3958814836624
2792,1000,2870.279067403356
2793,1000,2814.354326328758
2794,1000,2846.765690851087
2795,771,2351.745369726155
2796,1000,2954.970653945712
2797,572,1697.140287645346
2798,1000,2927.4538136411443
2799,1000,2764.5347045220938
2800,1000,2954.349015976741
2801,1000,2850.1913402050927
2802,1000,2801.614354265752
2803,1000,2811.39337739972
2804,1000,2926.6412678876154
2805,1000,2848.6994411493483
2806,1000,2906.897496588289
2807,1000,2884.52818602817
2808,1000,2833.9004684328957
2809,1000,2888.8315478527384
2810,1000,2897.0235760516275
2811,713,2139.731173109244
2812,1000,2804.747566447847
2813,1000,2776.206361128504
2814,1000,2811.8734210248303
2815,603,1854.0810572401208
2816,1000,2758.264986967229
2817,605,1820.14435367627
2818,1000,2804.649078795997
2819,1000,2910.0476159006766
2820,1000,2841.814877841276
2821,1000,2647.33975363565
2822,1000,2645.3452865497384
2823,1000,2860.714984380391
2824,1000,2865.2444786825818
2825,1000,2738.172233418769
2826,1000,2825.2682439414048
2827,1000,2782.9117105206988
2828,1000,2728.943033861541
2829,1000,2819.653283484823
2830,1000,2853.172416209371
2831,1000,2863.116913743898
2832,1000,2877.34527220514
2833,1000,2813.236621929057
2834,1000,2886.0183842556053
2835,1000,2848.007172400819
2836,1000,2830.935844273683
2837,1000,2804.3597049777068
2838,1000,2830.7409910337974
2839,1000,2897.6368795979147
2840,1000,2891.907381795796
2841,1000,2836.377274578016
2842,1000,2737.878998749543
2843,1000,2749.2622113825896
2844,1000,2863.926871537892
2845,1000,2839.8846347889635
2846,1000,2857.5022410623606
2847,1000,2805.562616144078
2848,1000,2808.4246362762265
2849,1000,2782.9077769628925
2850,1000,2830.70680224409
2851,1000,2866.90738591597
2852,1000,2884.3334028931117
2853,1000,2829.676767764707
2854,1000,2879.2792652832327
2855,1000,2788.451417167882
2856,1000,2839.585685325567
2857,1000,2803.219381674877
2858,1000,2751.7844431321996
2859,1000,2747.8036012386256
2860,1000,2881.516923619027
2861,1000,2884.9689220477967
2862,1000,2752.2157897663365
2863,1000,2768.8019856829933
2864,1000,2793.072165411309
2865,1000,2704.9184154411832
2866,1000,2709.1900895001963
2867,1000,2755.726508710561
2868,1000,2745.1321035370647
2869,1000,2671.113219920836
2870,1000,2696.893844337621
2871,1000,2579.3085751880485
2872,1000,2703.389550468892
2873,1000,2671.339590981747
2874,1000,2749.4887422268057
2875,1000,2841.6676017694517
2876,1000,2885.3451006099344
2877,1000,2775.274873154073
2878,1000,2853.776495361881
2879,1000,2782.404583674027
2880,1000,2703.569578705791
2881,1000,2811.4185836783417
2882,1000,2868.7633299840354
2883,1000,2729.9043233234256
2884,1000,2798.549054839853
2885,1000,2821.8810872984336
2886,1000,2841.9994725763104
2887,1000,2814.4192100782807
2888,1000,2824.207901824233
2889,1000,2806.7696567950966
2890,1000,2878.3204877862404
2891,1000,2787.771742172614
2892,1000,2810.3297818127367
2893,1000,2768.2120010417057
2894,1000,2703.0611590154695
2895,1000,2758.63790520581
2896,1000,2775.7466221977415
2897,1000,2878.876817067659
2898,1000,2844.331936087495
2899,1000,2913.7020398827776
2900,1000,2934.4360234610253
2901,1000,2892.9416359121224
2902,1000,2819.6165383628863
2903,1000,2724.181336561534
2904,1000,2796.240771153256
2905,1000,2869.1274971117714
2906,1000,2852.0604533785186
2907,1000,2765.2282564748234
2908,1000,2860.6166941922493
2909,1000,2822.6209936018504
2910,1000,2845.0901809634383
2911,1000,2827.654379272105
2912,1000,2853.3660769850467
2913,1000,2769.357240764249
2914,1000,2959.7652310055364
2915,1000,2912.8032412152243
2916,1000,2890.1922056630888
2917,1000,2896.717237611232
2918,1000,2849.171447219376
2919,1000,2821.5342588496824
2920,1000,2892.001973794904
2921,1000,2871.033265534928
2922,1000,2814.8921227535907
2923,1000,2848.7388477911645
2924,1000,2940.4839963445274
2925,1000,2824.249820341129
2926,1000,2889.2721239423104
2927,1000,2861.654978196263
2928,1000,2885.1277830125914
2929,1000,2865.9225845811757
2930,1000,2893.8333029090713
2931,1000,2935.363770877384
2932,1000,2906.3118216709463
2933,1000,2913.4513363195
2934,1000,2914.3107585515345
2935,1000,2876.6547645390356
2936,1000,2950.5024487911214
2937,1000,2943.7157844185213
2938,1000,2851.2370542662575
2939,1000,2886.1937115252354
2940,1000,2933.3830797302285
2941,1000,2900.4801134230993
2942,1000,2943.772312341819
2943,1000,2958.4342011112303
2944,1000,2890.231034718314
2945,1000,2927.875794044787
2946,1000,2962.051517437708
2947,1000,2879.281638646849
2948,1000,2917.033939661197
2949,1000,2889.45372275716
2950,1000,2877.2514989624997
2951,1000,2853.1122096621407
2952,1000,2792.485368933493
2953,1000,2829.937168700819
2954,1000,2660.5838860017925
2955,1000,2656.1132401103864
2956,1000,2809.6251772553305
2957,1000,2830.923368691091
2958,1000,2877.9238554239173
2959,1000,2901.238429172524
2960,1000,2866.0091520979063
2961,1000,2893.096371911069
2962,1000,2838.7579441581574
2963,1000,2863.2757901545697
2964,1000,2947.6838280096786
2965,1000,2861.1193308529528
2966,1000,2918.5805555759453
2967,1000,2847.942621978696
2968,1000,2816.7269985462617
2969,1000,2874.038982964299
